"id","category","sop","answerable","question","reference","must_include","langkah_emas","langkah_pdf","kutipan_pdf","auto_flags","item_sha256","verified (y/n)","perlu_koreksi","catatan","verifikator"
"CUTI-P1","procedural","CUTI","ya","Apa saja tahapan mengajukan cuti akademik di FSM dari awal sampai surat izin keluar, dan siapa yang mengerjakan tiap tahap?","1) Mahasiswa mengunduh, mengisi, dan menandatangani Form Cuti Akademik dengan melampirkan persyaratan serta mengisi secara online melalui SIAP. 2) Mahasiswa meminta persetujuan dan tanda tangan Ketua Program Studi. 3) Mahasiswa menyerahkan form yang telah ditandatangani Ketua Program Studi ke Dekan, lalu didisposisikan ke Subbag Akademik dan Kemahasiswaan. 4) Subbag Akademik dan Kemahasiswaan memeriksa kelengkapan persyaratan dan memberi paraf jika lengkap. 5) Dekan menandatangani Surat Izin Dekan. 6) Subbag Sumber Daya memberi nomor surat dan mengirimkannya ke Subbag Akademik dan Kemahasiswaan dengan tembusan ke Dosen Wali dan Ketua Program Studi. 7) Subbag Akademik dan Kemahasiswaan mengupdate status mahasiswa di Sistem Akademik, mengarsipkan, dan mengirimkan surat kepada mahasiswa. 8) Mahasiswa mengambil Surat Izin Dekan di loket akademik. Total maksimal 3 hari kerja.","[siap] ; [ketua program studi | kaprodi] ; [disposisi* | didisposisikan] ; [subbag sumber daya | bagian sumber daya] ; [loket*]","1. Mahasiswa
2. Ketua Program Studi (also_ok: Mahasiswa)
3. Mahasiswa (also_ok: Dekan, Subbag Akademik, Ketua Program Studi)
4. Subbag Akademik (also_ok: Mahasiswa)
5. Dekan
6. Subbag Sumber Daya (also_ok: Subbag Akademik, Dosen Wali, Ketua Program Studi)
7. Subbag Akademik (also_ok: Mahasiswa)
8. Mahasiswa (also_ok: Subbag Akademik)","1. subjek: Mahasiswa
2. subjek: Mahasiswa
3. subjek: Mahasiswa
4. subjek: Subbag Akademik dan Kemahasiswaan
5. subjek: Dekan
6. subjek: Subbag Sumber Daya
7. subjek: Subbag Akademik dan Kemahasiswaan
8. subjek: Mahasiswa","[SOP_Izin_Cuti_Akademik | pembuka] Standar Operasional Prosedur (SOP) Permohonan Izin Cuti Akademik Dokumen ini berisi langkah -langkah yang dapat diikuti untuk memperoleh izin cuti akademik dengan total maksimal waktu pemrosesan maksimal 3 (tiga) hari kerja.
[SOP_Izin_Cuti_Akademik | langkah 1] 1. Mahasiswa mengunduh, mengisi, dan menandatangani Form Cuti Akademik dengan melampirkan persyaratan. Selain itu, mahasiswa juga wajib mengisi secara online melalui SIAP. Dokumen yang dibutuhkan: Form Cuti Akademik, Transkrip Akademik, Bukti bayar SPP/UKT terakhir, Fotokopi KTM, dan dokumen pendukung lain Link unduh form : https://drive.google.com/file/d/1miPHNvRj6XO6LEhFCiC_QXcMtynCPWR2/edit
[SOP_Izin_Cuti_Akademik | langkah 2] 2. Mahasiswa meminta persetujuan dan tanda tangan Ketua Program Studi.
[SOP_Izin_Cuti_Akademik | langkah 3] 3. Mahasiswa menyerahkan Form Cuti Akademik yang telah ditandatangani Ketua Program Studi ke Dekan. Kemudian dilakukan disposisi ke Subbag Akademik dan Kemahasiswaan.
[SOP_Izin_Cuti_Akademik | langkah 4] 4. Subbag Akademik dan Kemahasiswaan menerima, memeriksa, dan meneliti kelengkapan persyaratan form cuti akademik. Jika lengkap, form diberi paraf dan diproses lebih lanjut.
[SOP_Izin_Cuti_Akademik | langkah 5] 5. Dekan menandatangani Surat Izin Dekan. Output: Surat Izin Dekan
[SOP_Izin_Cuti_Akademik | langkah 6] 6. Subbag Sumber Daya memberi nomor surat dan mengirimkannya ke Subbag Akademik dan Kemahasiswaan dengan tembusan ke Dosen Wali dan Ketua Program Studi. Output: Surat Izin Dekan
[SOP_Izin_Cuti_Akademik | langkah 7] 7. Subbag Akademik dan Kemahasiswaan mengupdate status mahasiswa di Sistem Akademik, mengarsipkan Surat Izin Dekan, dan mengirimkan kepada mahasiswa. Output: Surat Izin Dekan
[SOP_Izin_Cuti_Akademik | langkah 8] 8. Mahasiswa dapat mengambil Surat Izin Dekan di loket akademik. Output: Surat Izin Dekan","AKTOR_EMAS_BEDA_SUBJEK: langkah 2 emas=Ketua Program Studi (also_ok=Mahasiswa) vs subjek PDF=Mahasiswa","26faf73e3a6f4a62","","","",""
"CUTI-P2","procedural","CUTI","ya","min, aku mau cuti semester depan nih, urutan ngurusnya gimana ya dari awal?","Unduh, isi, dan tandatangani Form Cuti Akademik beserta persyaratan (transkrip, bukti bayar SPP/UKT terakhir, fotokopi KTM) dan isi juga secara online di SIAP; minta persetujuan dan tanda tangan Ketua Program Studi; serahkan form ke Dekan untuk didisposisikan ke Subbag Akademik dan Kemahasiswaan; Subbag Akademik memeriksa kelengkapan dan memberi paraf; Dekan menandatangani Surat Izin Dekan; Subbag Sumber Daya memberi nomor surat dengan tembusan ke Dosen Wali dan Kaprodi; Subbag Akademik mengupdate status di Sistem Akademik dan mengarsipkan; surat diambil di loket akademik. Maksimal 3 hari kerja.","[siap] ; [ketua program studi | kaprodi] ; [dekan] ; [loket*]","1. Mahasiswa
2. Ketua Program Studi (also_ok: Mahasiswa)
3. Mahasiswa (also_ok: Dekan, Subbag Akademik, Ketua Program Studi)
4. Subbag Akademik (also_ok: Mahasiswa)
5. Dekan
6. Subbag Sumber Daya (also_ok: Subbag Akademik, Dosen Wali, Ketua Program Studi)
7. Subbag Akademik (also_ok: Mahasiswa)
8. Mahasiswa (also_ok: Subbag Akademik)","1. subjek: Mahasiswa
2. subjek: Mahasiswa
3. subjek: Mahasiswa
4. subjek: Subbag Akademik dan Kemahasiswaan
5. subjek: Dekan
6. subjek: Subbag Sumber Daya
7. subjek: Subbag Akademik dan Kemahasiswaan
8. subjek: Mahasiswa","[SOP_Izin_Cuti_Akademik | pembuka] Standar Operasional Prosedur (SOP) Permohonan Izin Cuti Akademik Dokumen ini berisi langkah -langkah yang dapat diikuti untuk memperoleh izin cuti akademik dengan total maksimal waktu pemrosesan maksimal 3 (tiga) hari kerja.
[SOP_Izin_Cuti_Akademik | langkah 1] 1. Mahasiswa mengunduh, mengisi, dan menandatangani Form Cuti Akademik dengan melampirkan persyaratan. Selain itu, mahasiswa juga wajib mengisi secara online melalui SIAP. Dokumen yang dibutuhkan: Form Cuti Akademik, Transkrip Akademik, Bukti bayar SPP/UKT terakhir, Fotokopi KTM, dan dokumen pendukung lain Link unduh form : https://drive.google.com/file/d/1miPHNvRj6XO6LEhFCiC_QXcMtynCPWR2/edit
[SOP_Izin_Cuti_Akademik | langkah 2] 2. Mahasiswa meminta persetujuan dan tanda tangan Ketua Program Studi.
[SOP_Izin_Cuti_Akademik | langkah 3] 3. Mahasiswa menyerahkan Form Cuti Akademik yang telah ditandatangani Ketua Program Studi ke Dekan. Kemudian dilakukan disposisi ke Subbag Akademik dan Kemahasiswaan.
[SOP_Izin_Cuti_Akademik | langkah 4] 4. Subbag Akademik dan Kemahasiswaan menerima, memeriksa, dan meneliti kelengkapan persyaratan form cuti akademik. Jika lengkap, form diberi paraf dan diproses lebih lanjut.
[SOP_Izin_Cuti_Akademik | langkah 5] 5. Dekan menandatangani Surat Izin Dekan. Output: Surat Izin Dekan
[SOP_Izin_Cuti_Akademik | langkah 6] 6. Subbag Sumber Daya memberi nomor surat dan mengirimkannya ke Subbag Akademik dan Kemahasiswaan dengan tembusan ke Dosen Wali dan Ketua Program Studi. Output: Surat Izin Dekan
[SOP_Izin_Cuti_Akademik | langkah 7] 7. Subbag Akademik dan Kemahasiswaan mengupdate status mahasiswa di Sistem Akademik, mengarsipkan Surat Izin Dekan, dan mengirimkan kepada mahasiswa. Output: Surat Izin Dekan
[SOP_Izin_Cuti_Akademik | langkah 8] 8. Mahasiswa dapat mengambil Surat Izin Dekan di loket akademik. Output: Surat Izin Dekan","AKTOR_EMAS_BEDA_SUBJEK: langkah 2 emas=Ketua Program Studi (also_ok=Mahasiswa) vs subjek PDF=Mahasiswa","3a2f7acfbaac1074","","","",""
"CUTI-A1","actor","CUTI","ya","Setelah form cuti saya ditandatangani Kaprodi, form itu diserahkan ke siapa dan diproses oleh bagian apa?","Form diserahkan ke Dekan, kemudian didisposisikan ke Subbag Akademik dan Kemahasiswaan, yang menerima, memeriksa, dan meneliti kelengkapan persyaratan serta memberi paraf jika lengkap.","[dekan] ; [disposisi* | didisposisikan] ; [subbag akademik | subbagian akademik | bagian akademik]","","","[SOP_Izin_Cuti_Akademik | langkah 4] 4. Subbag Akademik dan Kemahasiswaan menerima, memeriksa, dan meneliti kelengkapan persyaratan form cuti akademik. Jika lengkap, form diberi paraf dan diproses lebih lanjut.
[SOP_Izin_Cuti_Akademik | langkah 3] 3. Mahasiswa menyerahkan Form Cuti Akademik yang telah ditandatangani Ketua Program Studi ke Dekan. Kemudian dilakukan disposisi ke Subbag Akademik dan Kemahasiswaan.
[SOP_Izin_Cuti_Akademik | langkah 6] 6. Subbag Sumber Daya memberi nomor surat dan mengirimkannya ke Subbag Akademik dan Kemahasiswaan dengan tembusan ke Dosen Wali dan Ketua Program Studi. Output: Surat Izin Dekan","","c81a6187f11a5a4b","","","",""
"CUTI-D1","documents","CUTI","ya","Dokumen apa saja yang harus dilampirkan saat mengajukan cuti akademik?","Form Cuti Akademik, Transkrip Akademik, bukti bayar SPP/UKT terakhir, fotokopi KTM, dan dokumen pendukung lain. Mahasiswa juga wajib mengisi secara online melalui SIAP.","[form cuti* | formulir cuti*] ; [transkrip*] ; [bukti bayar | bukti pembayaran] ; [ktm | kartu tanda mahasiswa]","","","[SOP_Izin_Cuti_Akademik | langkah 1] 1. Mahasiswa mengunduh, mengisi, dan menandatangani Form Cuti Akademik dengan melampirkan persyaratan. Selain itu, mahasiswa juga wajib mengisi secara online melalui SIAP. Dokumen yang dibutuhkan: Form Cuti Akademik, Transkrip Akademik, Bukti bayar SPP/UKT terakhir, Fotokopi KTM, dan dokumen pendukung lain Link unduh form : https://drive.google.com/file/d/1miPHNvRj6XO6LEhFCiC_QXcMtynCPWR2/edit
[SOP_Izin_Cuti_Akademik | langkah 3] 3. Mahasiswa menyerahkan Form Cuti Akademik yang telah ditandatangani Ketua Program Studi ke Dekan. Kemudian dilakukan disposisi ke Subbag Akademik dan Kemahasiswaan.
[SOP_Izin_Cuti_Akademik | pembuka] Standar Operasional Prosedur (SOP) Permohonan Izin Cuti Akademik Dokumen ini berisi langkah -langkah yang dapat diikuti untuk memperoleh izin cuti akademik dengan total maksimal waktu pemrosesan maksimal 3 (tiga) hari kerja.","","da68d5449daf7c54","","","",""
"CUTI-T1","time_location","CUTI","ya","Berapa lama maksimal proses izin cuti akademik, dan di mana saya mengambil Surat Izin Dekan?","Proses maksimal 3 (tiga) hari kerja. Surat Izin Dekan diambil di loket akademik.","[3 | tiga] ; [hari kerja] ; [loket*]","","","[SOP_Izin_Cuti_Akademik | pembuka] Standar Operasional Prosedur (SOP) Permohonan Izin Cuti Akademik Dokumen ini berisi langkah -langkah yang dapat diikuti untuk memperoleh izin cuti akademik dengan total maksimal waktu pemrosesan maksimal 3 (tiga) hari kerja.
[SOP_Izin_Cuti_Akademik | langkah 8] 8. Mahasiswa dapat mengambil Surat Izin Dekan di loket akademik. Output: Surat Izin Dekan
[SOP_Izin_Cuti_Akademik | langkah 3] 3. Mahasiswa menyerahkan Form Cuti Akademik yang telah ditandatangani Ketua Program Studi ke Dekan. Kemudian dilakukan disposisi ke Subbag Akademik dan Kemahasiswaan.","","8b7ed737a4366551","","","",""
"LEG-P1","procedural","LEGALISIR","ya","Apa saja tahapan pengesahan fotokopi ijazah dan transkrip (legalisir) di FSM, dan siapa yang memproses tiap tahap?","1) Alumni menyerahkan fotokopi ijazah/transkrip nilai/sertifikat akreditasi program studi beserta aslinya kepada petugas Subbag Akademik dan Kemahasiswaan (±5 menit). 2) Petugas Subbag Akademik memeriksa keabsahan dan kesesuaian fotokopi dengan aslinya dan memberikan cap (±10 menit). 3) Supervisor Akademik dan Kemahasiswaan memeriksa dan memberi paraf di samping kanan nama Dekan (±15 menit). 4) Dekan/Wakil Dekan Akademik dan Kemahasiswaan menandatangani pengesahan 'Telah diperiksa kebenarannya dan sesuai dengan aslinya' (±1 hari). 5) Petugas Subbag Akademik mengambil kembali legalisir dan memberikan stempel FSM (±5 menit). 6) Alumni mengambil legalisir di Subbag Akademik dengan membawa aslinya serta menulis dan menandatangani buku pengambilan (±15 menit). Total maksimal 3 hari kerja.","[asli*] ; [cap] ; [supervisor*] ; [stempel*] ; [buku pengambilan]","1. Alumni (also_ok: Subbag Akademik, Mahasiswa)
2. Subbag Akademik
3. Supervisor Akademik (also_ok: Dekan)
4. Dekan / Wakil Dekan Akademik
5. Subbag Akademik (also_ok: Dekan, Wakil Dekan Akademik)
6. Alumni (also_ok: Subbag Akademik, Mahasiswa)","1. subjek: Alumni
2. subjek: Petugas Subbag Akademik dan Kemahasiswaan
3. subjek: Supervisor Akademik dan Kemahasiswaan
4. subjek: Dekan/Wakil Dekan Akademik dan Kemahasiswaan
5. subjek: Petugas Subbag Akademik dan Kemahasiswaan
6. subjek: Alumni","[SOP_Legalisir_Ijazah_Dan_Transkrip | pembuka] Standar Operasional Prosedur (SOP) Legalisir Ijazah Dan Transkrip Dokumen ini berisi langkah -langkah yang dapat diikuti untuk dapat melalukan legalisir ijazah dan transkrip dengan total maksimal waktu pemrosesan maksimal 3 (tiga) hari kerja.
[SOP_Legalisir_Ijazah_Dan_Transkrip | langkah 1] 1. Alumni menyerahkan foto copy ijazah/transkrip nilai/sertifikat akreditasi program studi beserta surat aslinya kepada petugas Subbag Akademik dan Kemahasiswaan. Waktu: ±5 menit Dokumen yang dibutuhkan: Berkas Pengajuan Legalisir Output: Berkas Pengajuan Legalisir
[SOP_Legalisir_Ijazah_Dan_Transkrip | langkah 2] 2. Petugas Subbag Akademik dan Kemahasiswaan memeriksa keabsahan, kesesuaian foto copy ijazah/transkrip nilai/sertifikat akreditasi program studi dengan surat aslinya dan memberikan cap. Waktu: ±10 menit Output: Persetujuan Legalisir
[SOP_Legalisir_Ijazah_Dan_Transkrip | langkah 3] 3. Supervisor Akademik dan Kemahasiswaan memeriksa dan memberi paraf di samping kanan nama Dekan. Waktu: ±15 menit Output: Paraf Supervisor Akademik dan Kemahasiswaan
[SOP_Legalisir_Ijazah_Dan_Transkrip | langkah 4] 4. Dekan/Wakil Dekan Akademik dan Kemahasiswaan menandatangani pada “Pengesahan Telah diperiksa Kebenarannya dan Sesuai dengan Aslinya”. Waktu: ±1 hari Output: TTD Dekan/Wakil Dekan Akademik dan Kemahasiswaan
[SOP_Legalisir_Ijazah_Dan_Transkrip | langkah 5] 5. Petugas Subbag Akademik dan Kemahasiswaan mengambil kembali Legalisir yang sudah ditanda tangani Dekan / Wakil Dekan Akademik dan Kemahasiswaan dan memberikan stempel Fakultas Sains dan Matematika. Waktu: ±5 menit Output: Stempel Fakultas Sains dan Matematika
[SOP_Legalisir_Ijazah_Dan_Transkrip | langkah 6] 6. Alumni mengambil Legalisir di Subbag Akademik dan Kemahasiswaan dengan membawa aslinya dan menulis di buku pengambilan dan di tanda tangani ybs. Waktu: ±15 menit Output: Legalisir Ijazah/transkrip nilai/sertifikat akreditasi","","5cd18431fddc91bf","","","",""
"LEG-P2","procedural","LEGALISIR","ya","aku alumni mau legalisir ijazah nih, prosesnya gimana aja ya?","Serahkan fotokopi ijazah/transkrip beserta aslinya ke petugas Subbag Akademik dan Kemahasiswaan; petugas memeriksa keabsahan dan memberi cap; Supervisor Akademik memberi paraf; Dekan/Wakil Dekan Akademik menandatangani pengesahan; petugas memberi stempel FSM; alumni mengambil legalisir dengan membawa aslinya dan mengisi buku pengambilan. Maksimal 3 hari kerja.","[asli*] ; [supervisor*] ; [stempel*] ; [buku pengambilan]","1. Alumni (also_ok: Subbag Akademik, Mahasiswa)
2. Subbag Akademik
3. Supervisor Akademik (also_ok: Dekan)
4. Dekan / Wakil Dekan Akademik
5. Subbag Akademik (also_ok: Dekan, Wakil Dekan Akademik)
6. Alumni (also_ok: Subbag Akademik, Mahasiswa)","1. subjek: Alumni
2. subjek: Petugas Subbag Akademik dan Kemahasiswaan
3. subjek: Supervisor Akademik dan Kemahasiswaan
4. subjek: Dekan/Wakil Dekan Akademik dan Kemahasiswaan
5. subjek: Petugas Subbag Akademik dan Kemahasiswaan
6. subjek: Alumni","[SOP_Legalisir_Ijazah_Dan_Transkrip | pembuka] Standar Operasional Prosedur (SOP) Legalisir Ijazah Dan Transkrip Dokumen ini berisi langkah -langkah yang dapat diikuti untuk dapat melalukan legalisir ijazah dan transkrip dengan total maksimal waktu pemrosesan maksimal 3 (tiga) hari kerja.
[SOP_Legalisir_Ijazah_Dan_Transkrip | langkah 1] 1. Alumni menyerahkan foto copy ijazah/transkrip nilai/sertifikat akreditasi program studi beserta surat aslinya kepada petugas Subbag Akademik dan Kemahasiswaan. Waktu: ±5 menit Dokumen yang dibutuhkan: Berkas Pengajuan Legalisir Output: Berkas Pengajuan Legalisir
[SOP_Legalisir_Ijazah_Dan_Transkrip | langkah 2] 2. Petugas Subbag Akademik dan Kemahasiswaan memeriksa keabsahan, kesesuaian foto copy ijazah/transkrip nilai/sertifikat akreditasi program studi dengan surat aslinya dan memberikan cap. Waktu: ±10 menit Output: Persetujuan Legalisir
[SOP_Legalisir_Ijazah_Dan_Transkrip | langkah 3] 3. Supervisor Akademik dan Kemahasiswaan memeriksa dan memberi paraf di samping kanan nama Dekan. Waktu: ±15 menit Output: Paraf Supervisor Akademik dan Kemahasiswaan
[SOP_Legalisir_Ijazah_Dan_Transkrip | langkah 4] 4. Dekan/Wakil Dekan Akademik dan Kemahasiswaan menandatangani pada “Pengesahan Telah diperiksa Kebenarannya dan Sesuai dengan Aslinya”. Waktu: ±1 hari Output: TTD Dekan/Wakil Dekan Akademik dan Kemahasiswaan
[SOP_Legalisir_Ijazah_Dan_Transkrip | langkah 5] 5. Petugas Subbag Akademik dan Kemahasiswaan mengambil kembali Legalisir yang sudah ditanda tangani Dekan / Wakil Dekan Akademik dan Kemahasiswaan dan memberikan stempel Fakultas Sains dan Matematika. Waktu: ±5 menit Output: Stempel Fakultas Sains dan Matematika
[SOP_Legalisir_Ijazah_Dan_Transkrip | langkah 6] 6. Alumni mengambil Legalisir di Subbag Akademik dan Kemahasiswaan dengan membawa aslinya dan menulis di buku pengambilan dan di tanda tangani ybs. Waktu: ±15 menit Output: Legalisir Ijazah/transkrip nilai/sertifikat akreditasi","","78f52e9e7219b1f1","","","",""
"LEG-A1","actor","LEGALISIR","ya","Siapa yang memberi paraf dan siapa yang menandatangani pengesahan legalisir ijazah?","Supervisor Akademik dan Kemahasiswaan memberi paraf di samping kanan nama Dekan; Dekan atau Wakil Dekan Akademik dan Kemahasiswaan menandatangani pengesahan 'Telah diperiksa kebenarannya dan sesuai dengan aslinya'.","[supervisor akademik] ; [paraf*] ; [dekan]","","","[SOP_Legalisir_Ijazah_Dan_Transkrip | langkah 3] 3. Supervisor Akademik dan Kemahasiswaan memeriksa dan memberi paraf di samping kanan nama Dekan. Waktu: ±15 menit Output: Paraf Supervisor Akademik dan Kemahasiswaan
[SOP_Legalisir_Ijazah_Dan_Transkrip | langkah 4] 4. Dekan/Wakil Dekan Akademik dan Kemahasiswaan menandatangani pada “Pengesahan Telah diperiksa Kebenarannya dan Sesuai dengan Aslinya”. Waktu: ±1 hari Output: TTD Dekan/Wakil Dekan Akademik dan Kemahasiswaan
[SOP_Legalisir_Ijazah_Dan_Transkrip | langkah 5] 5. Petugas Subbag Akademik dan Kemahasiswaan mengambil kembali Legalisir yang sudah ditanda tangani Dekan / Wakil Dekan Akademik dan Kemahasiswaan dan memberikan stempel Fakultas Sains dan Matematika. Waktu: ±5 menit Output: Stempel Fakultas Sains dan Matematika","","087443dd85015ec2","","","",""
"LEG-D1","documents","LEGALISIR","ya","Apa yang harus saya bawa ketika mengajukan legalisir dan ketika mengambilnya?","Saat mengajukan: fotokopi ijazah/transkrip nilai/sertifikat akreditasi program studi beserta dokumen aslinya, diserahkan ke petugas Subbag Akademik dan Kemahasiswaan. Saat mengambil: membawa dokumen asli serta menulis dan menandatangani buku pengambilan.","[fotokopi* | foto copy | fotocopy] ; [asli*] ; [buku pengambilan]","","","[SOP_Legalisir_Ijazah_Dan_Transkrip | langkah 1] 1. Alumni menyerahkan foto copy ijazah/transkrip nilai/sertifikat akreditasi program studi beserta surat aslinya kepada petugas Subbag Akademik dan Kemahasiswaan. Waktu: ±5 menit Dokumen yang dibutuhkan: Berkas Pengajuan Legalisir Output: Berkas Pengajuan Legalisir
[SOP_Legalisir_Ijazah_Dan_Transkrip | langkah 6] 6. Alumni mengambil Legalisir di Subbag Akademik dan Kemahasiswaan dengan membawa aslinya dan menulis di buku pengambilan dan di tanda tangani ybs. Waktu: ±15 menit Output: Legalisir Ijazah/transkrip nilai/sertifikat akreditasi
[SOP_Legalisir_Ijazah_Dan_Transkrip | langkah 2] 2. Petugas Subbag Akademik dan Kemahasiswaan memeriksa keabsahan, kesesuaian foto copy ijazah/transkrip nilai/sertifikat akreditasi program studi dengan surat aslinya dan memberikan cap. Waktu: ±10 menit Output: Persetujuan Legalisir","","2c6b37df9c22dd3b","","","",""
"LEG-T1","time_location","LEGALISIR","ya","Berapa lama tahap tanda tangan Dekan pada proses legalisir, dan berapa total waktu maksimalnya?","Tahap tanda tangan Dekan/Wakil Dekan Akademik dan Kemahasiswaan sekitar ±1 hari; total waktu pemrosesan maksimal 3 (tiga) hari kerja.","[1 hari | satu hari | sehari] ; [3 hari | tiga hari | 3 (tiga) hari]","","","[SOP_Legalisir_Ijazah_Dan_Transkrip | pembuka] Standar Operasional Prosedur (SOP) Legalisir Ijazah Dan Transkrip Dokumen ini berisi langkah -langkah yang dapat diikuti untuk dapat melalukan legalisir ijazah dan transkrip dengan total maksimal waktu pemrosesan maksimal 3 (tiga) hari kerja.
[SOP_Legalisir_Ijazah_Dan_Transkrip | langkah 4] 4. Dekan/Wakil Dekan Akademik dan Kemahasiswaan menandatangani pada “Pengesahan Telah diperiksa Kebenarannya dan Sesuai dengan Aslinya”. Waktu: ±1 hari Output: TTD Dekan/Wakil Dekan Akademik dan Kemahasiswaan
[SOP_Legalisir_Ijazah_Dan_Transkrip | langkah 5] 5. Petugas Subbag Akademik dan Kemahasiswaan mengambil kembali Legalisir yang sudah ditanda tangani Dekan / Wakil Dekan Akademik dan Kemahasiswaan dan memberikan stempel Fakultas Sains dan Matematika. Waktu: ±5 menit Output: Stempel Fakultas Sains dan Matematika","","1a6f5d4cfe47087e","","","",""
"PROP-P1","procedural","PROPOSAL","ya","Saya pengurus himpunan, bagaimana prosedur mengajukan proposal kegiatan organisasi mahasiswa sampai disetujui?","1) Mahasiswa menyerahkan proposal ke petugas kemahasiswaan dan Supervisor Akademik untuk registrasi dan alokasi ruang (jika kegiatan di FSM). 2) Supervisor Akademik dan Kemahasiswaan meneliti dan memverifikasi proposal agar sesuai peraturan dan memberi paraf. 3) Wakil Dekan Akademik dan Kemahasiswaan mengevaluasi substansi proposal. 4) Pengesahan oleh Wakil Dekan Akademik dan Kemahasiswaan. 5) Mahasiswa mengambil proposal yang telah disetujui. Maksimal 3 hari kerja.","[registrasi] ; [supervisor akademik] ; [substansi] ; [wakil dekan akademik | wakil dekan i | wakil dekan 1]","1. Mahasiswa (also_ok: Petugas Kemahasiswaan, Supervisor Akademik)
2. Supervisor Akademik
3. Wakil Dekan Akademik
4. Wakil Dekan Akademik
5. Mahasiswa","1. subjek: Mahasiswa
2. subjek: Supervisor Akademik dan Kemahasiswaan
3. subjek: Wakil Dekan Akademik dan Kemahasiswaan
4. subjek: Wakil Dekan Akademik dan Kemahasiswaan
5. subjek: Mahasiswa","[SOP_Pengajuan_Proposal_Kegiatan_Organisasi_Mahasiswa | pembuka] Standar Operasional Prosedur (SOP) Pengajuan Proposal Kegiatan Organisasi Mahasiswa Dokumen ini berisi langkah -langkah yang dapat diikuti untuk dapat melalukan pengajuan proposal kegiatan organisasi mahasiswa dengan total maksimal waktu pemrosesan maksimal 3 (tiga) hari kerja.
[SOP_Pengajuan_Proposal_Kegiatan_Organisasi_Mahasiswa | langkah 1] 1. Mahasiswa menyerahkan proposal ke petugas kemahasiswaan dan Supervisor Akademik untuk registrasi dan alokasi ruang (jika kegiatan di FSM). Dokumen yang dibutuhkan: Proposal kegiatan organisasi
[SOP_Pengajuan_Proposal_Kegiatan_Organisasi_Mahasiswa | langkah 2] 2. Supervisor Akademik dan Kemahasiswaan meneliti dan memverifikasi proposal kegiatan yang diajukan agar sesuai peraturan dan memberikan paraf. Output: Paraf Supervisor Akademik dan Kemahasiswaan
[SOP_Pengajuan_Proposal_Kegiatan_Organisasi_Mahasiswa | langkah 3] 3. Wakil Dekan Akademik dan Kemahasiswaan mengevaluasi substansi proposal kegiatan. Output: Persetujuan Wakil Dekan Akademik dan Kemahasiswaan
[SOP_Pengajuan_Proposal_Kegiatan_Organisasi_Mahasiswa | langkah 4] 4. Pengesahan Wakil Dekan Akademik dan Kemahasiswaan.
[SOP_Pengajuan_Proposal_Kegiatan_Organisasi_Mahasiswa | langkah 5] 5. Mahasiswa mengambil proposal yang telah disetujui. Output: Proposal kegiatan organisasi yang telah disetujui","","dfe1ffd44052deb3","","","",""
"PROP-A1","actor","PROPOSAL","ya","Siapa yang mengevaluasi substansi dan mengesahkan proposal kegiatan organisasi mahasiswa?","Wakil Dekan Akademik dan Kemahasiswaan mengevaluasi substansi proposal dan memberikan pengesahan. Sebelumnya, Supervisor Akademik dan Kemahasiswaan meneliti, memverifikasi, dan memberi paraf.","[wakil dekan akademik | wakil dekan i | wakil dekan 1] ; [substansi | evaluasi* | mengevaluasi] ; [pengesahan* | mengesahkan | disahkan]","","","[SOP_Pengajuan_Proposal_Kegiatan_Organisasi_Mahasiswa | langkah 3] 3. Wakil Dekan Akademik dan Kemahasiswaan mengevaluasi substansi proposal kegiatan. Output: Persetujuan Wakil Dekan Akademik dan Kemahasiswaan
[SOP_Pengajuan_Proposal_Kegiatan_Organisasi_Mahasiswa | langkah 1] 1. Mahasiswa menyerahkan proposal ke petugas kemahasiswaan dan Supervisor Akademik untuk registrasi dan alokasi ruang (jika kegiatan di FSM). Dokumen yang dibutuhkan: Proposal kegiatan organisasi
[SOP_Pengajuan_Proposal_Kegiatan_Organisasi_Mahasiswa | langkah 2] 2. Supervisor Akademik dan Kemahasiswaan meneliti dan memverifikasi proposal kegiatan yang diajukan agar sesuai peraturan dan memberikan paraf. Output: Paraf Supervisor Akademik dan Kemahasiswaan","","0aa81ea6880dd7aa","","","",""
"PROP-D1","documents","PROPOSAL","ya","Ke mana proposal kegiatan organisasi diserahkan pertama kali, dan untuk keperluan apa?","Proposal diserahkan ke petugas kemahasiswaan dan Supervisor Akademik untuk registrasi dan alokasi ruang (jika kegiatan dilaksanakan di FSM).","[petugas kemahasiswaan | supervisor akademik] ; [registrasi] ; [ruang*]","","","[SOP_Pengajuan_Proposal_Kegiatan_Organisasi_Mahasiswa | langkah 1] 1. Mahasiswa menyerahkan proposal ke petugas kemahasiswaan dan Supervisor Akademik untuk registrasi dan alokasi ruang (jika kegiatan di FSM). Dokumen yang dibutuhkan: Proposal kegiatan organisasi
[SOP_Pengajuan_Proposal_Kegiatan_Organisasi_Mahasiswa | langkah 2] 2. Supervisor Akademik dan Kemahasiswaan meneliti dan memverifikasi proposal kegiatan yang diajukan agar sesuai peraturan dan memberikan paraf. Output: Paraf Supervisor Akademik dan Kemahasiswaan
[SOP_Pengajuan_Proposal_Kegiatan_Organisasi_Mahasiswa | pembuka] Standar Operasional Prosedur (SOP) Pengajuan Proposal Kegiatan Organisasi Mahasiswa Dokumen ini berisi langkah -langkah yang dapat diikuti untuk dapat melalukan pengajuan proposal kegiatan organisasi mahasiswa dengan total maksimal waktu pemrosesan maksimal 3 (tiga) hari kerja.","","a455e3e7ec35a6e6","","","",""
"PROP-T1","time_location","PROPOSAL","ya","Berapa lama maksimal proses pengajuan proposal kegiatan organisasi mahasiswa?","Maksimal 3 (tiga) hari kerja.","[3 | tiga] ; [hari kerja]","","","[SOP_Pengajuan_Proposal_Kegiatan_Organisasi_Mahasiswa | pembuka] Standar Operasional Prosedur (SOP) Pengajuan Proposal Kegiatan Organisasi Mahasiswa Dokumen ini berisi langkah -langkah yang dapat diikuti untuk dapat melalukan pengajuan proposal kegiatan organisasi mahasiswa dengan total maksimal waktu pemrosesan maksimal 3 (tiga) hari kerja.
[SOP_Pengajuan_Proposal_Kegiatan_Organisasi_Mahasiswa | langkah 1] 1. Mahasiswa menyerahkan proposal ke petugas kemahasiswaan dan Supervisor Akademik untuk registrasi dan alokasi ruang (jika kegiatan di FSM). Dokumen yang dibutuhkan: Proposal kegiatan organisasi
[SOP_Pengajuan_Proposal_Kegiatan_Organisasi_Mahasiswa | langkah 5] 5. Mahasiswa mengambil proposal yang telah disetujui. Output: Proposal kegiatan organisasi yang telah disetujui","","bc7a148d62593335","","","",""
"BEA-P1","procedural","BEASISWA","ya","Jelaskan alur mendapatkan surat rekomendasi beasiswa dari fakultas beserta pihak yang terlibat.","1) Mahasiswa mengunduh dan mengisi formulir/Surat Rekomendasi Pengajuan Beasiswa dan menyerahkannya beserta KHS yang dilegalisir ke Subbag Akademik dan Kemahasiswaan (BAK) Fakultas (±30 menit). 2) BAK Fakultas meneliti dan memverifikasi surat (±1 hari). 3) BAK Fakultas memberi paraf dan nomor surat (±10 menit). 4) Wakil Dekan Akademik dan Kemahasiswaan menandatangani surat (±2 hari). 5) Mahasiswa mengambil surat di BAK Fakultas dan mencatat bukti pengambilan (±5 menit). Total maksimal 3 hari 45 menit waktu kerja.","[khs] ; [bak | subbag akademik | subbagian akademik | bagian akademik] ; [nomor*] ; [wakil dekan akademik | wakil dekan i | wakil dekan 1]","1. Mahasiswa (also_ok: Subbag Akademik)
2. Subbag Akademik
3. Subbag Akademik
4. Wakil Dekan Akademik
5. Mahasiswa (also_ok: Subbag Akademik)","1. subjek: Mahasiswa
2. subjek: BAK Fakultas
3. subjek: BAK Fakultas
4. subjek: Wakil Dekan Akademik dan Kemahasiswaan
5. subjek: Mahasiswa","[SOP_Pengajuan_Rekomendasi_Beasiswa | pembuka] Standar Operasional Prosedur (SOP) Surat Pengajuan Rekomendasi Beasiswa Dokumen ini berisi langkah -langkah yang dapat diikuti untuk mengajukan dan mendapatkan rekomendasi beasiswa dengan total maksimal waktu pemrosesan m aksimal 3 (tiga) hari, 45 menit waktu kerja.
[SOP_Pengajuan_Rekomendasi_Beasiswa | langkah 1] 1. Mahasiswa mendownload dan mengisi formulir/ Surat Rekomendasi Pengajuan Beasiswa ke Subbag Akademik dan Kemahasiswaan (BAK) Fakultas. Waktu: ±30 menit Dokumen yang dibutuhkan: Surat Rekomendasi Beasiswa dan KHS yang dilegalisir Link unduh form: https://drive.google.com/file/d/18f_nbPXHbElgRNoplDFQVNYGGDkFxBTT/view?usp =sharing Output: Surat Rekomendasi Beasiswa dan KHS yang dilegalisir
[SOP_Pengajuan_Rekomendasi_Beasiswa | langkah 2] 2. BAK Fakultas meneliti dan memverifikasi Surat Rekomendasi Pengajuan Beasiswa. Waktu: ±1 hari
[SOP_Pengajuan_Rekomendasi_Beasiswa | langkah 3] 3. BAK Fakultas memberikan paraf dan nomor surat pada Surat Rekomendasi Pengajuan Beasiswa tersebut. Waktu: ±10 menit
[SOP_Pengajuan_Rekomendasi_Beasiswa | langkah 4] 4. Wakil Dekan Akademik dan Kemahasiswaan memberikan tanda tangan pada Surat Rekomendasi Pengajuan Beasiswa tersebut. Waktu: ±2 hari
[SOP_Pengajuan_Rekomendasi_Beasiswa | langkah 5] 5. Mahasiswa mengambil surat tersebut di BAK Fakultas dan mencatat bukti pengambilan. Waktu: ±5 menit","","10551c4e555ded4e","","","",""
"BEA-A1","actor","BEASISWA","ya","Siapa yang menandatangani surat rekomendasi beasiswa, dan siapa yang memberi nomor suratnya?","Wakil Dekan Akademik dan Kemahasiswaan menandatangani surat rekomendasi; BAK Fakultas (Subbag Akademik dan Kemahasiswaan) memberi paraf dan nomor surat.","[wakil dekan akademik | wakil dekan i | wakil dekan 1] ; [bak | subbag akademik | subbagian akademik | bagian akademik] ; [nomor*]","","","[SOP_Pengajuan_Rekomendasi_Beasiswa | langkah 1] 1. Mahasiswa mendownload dan mengisi formulir/ Surat Rekomendasi Pengajuan Beasiswa ke Subbag Akademik dan Kemahasiswaan (BAK) Fakultas. Waktu: ±30 menit Dokumen yang dibutuhkan: Surat Rekomendasi Beasiswa dan KHS yang dilegalisir Link unduh form: https://drive.google.com/file/d/18f_nbPXHbElgRNoplDFQVNYGGDkFxBTT/view?usp =sharing Output: Surat Rekomendasi Beasiswa dan KHS yang dilegalisir
[SOP_Pengajuan_Rekomendasi_Beasiswa | langkah 3] 3. BAK Fakultas memberikan paraf dan nomor surat pada Surat Rekomendasi Pengajuan Beasiswa tersebut. Waktu: ±10 menit
[SOP_Pengajuan_Rekomendasi_Beasiswa | langkah 4] 4. Wakil Dekan Akademik dan Kemahasiswaan memberikan tanda tangan pada Surat Rekomendasi Pengajuan Beasiswa tersebut. Waktu: ±2 hari","","7d927e3af5de2ae7","","","",""
"BEA-D1","documents","BEASISWA","ya","Berkas apa saja yang perlu saya siapkan kalau ingin minta surat rekomendasi beasiswa ke fakultas?","Formulir/Surat Rekomendasi Pengajuan Beasiswa yang telah diunduh dan diisi, serta KHS yang dilegalisir.","[khs] ; [legalisir* | dilegalisir] ; [formulir* | form*]","","","[SOP_Pengajuan_Rekomendasi_Beasiswa | langkah 1] 1. Mahasiswa mendownload dan mengisi formulir/ Surat Rekomendasi Pengajuan Beasiswa ke Subbag Akademik dan Kemahasiswaan (BAK) Fakultas. Waktu: ±30 menit Dokumen yang dibutuhkan: Surat Rekomendasi Beasiswa dan KHS yang dilegalisir Link unduh form: https://drive.google.com/file/d/18f_nbPXHbElgRNoplDFQVNYGGDkFxBTT/view?usp =sharing Output: Surat Rekomendasi Beasiswa dan KHS yang dilegalisir
[SOP_Pengajuan_Rekomendasi_Beasiswa | pembuka] Standar Operasional Prosedur (SOP) Surat Pengajuan Rekomendasi Beasiswa Dokumen ini berisi langkah -langkah yang dapat diikuti untuk mengajukan dan mendapatkan rekomendasi beasiswa dengan total maksimal waktu pemrosesan m aksimal 3 (tiga) hari, 45 menit waktu kerja.
[SOP_Pengajuan_Rekomendasi_Beasiswa | langkah 2] 2. BAK Fakultas meneliti dan memverifikasi Surat Rekomendasi Pengajuan Beasiswa. Waktu: ±1 hari","","bb39ea52d93ced12","","","",""
"BEA-T1","time_location","BEASISWA","ya","Berapa total waktu pemrosesan surat rekomendasi beasiswa, dan tahap mana yang paling lama?","Total maksimal 3 hari 45 menit waktu kerja. Tahap paling lama adalah penandatanganan oleh Wakil Dekan Akademik dan Kemahasiswaan (±2 hari), disusul penelitian/verifikasi oleh BAK Fakultas (±1 hari).","[45 menit] ; [2 hari | dua hari] ; [menandatangani | tanda tangan | tandatangan | penandatanganan]","","","[SOP_Pengajuan_Rekomendasi_Beasiswa | pembuka] Standar Operasional Prosedur (SOP) Surat Pengajuan Rekomendasi Beasiswa Dokumen ini berisi langkah -langkah yang dapat diikuti untuk mengajukan dan mendapatkan rekomendasi beasiswa dengan total maksimal waktu pemrosesan m aksimal 3 (tiga) hari, 45 menit waktu kerja.
[SOP_Pengajuan_Rekomendasi_Beasiswa | langkah 4] 4. Wakil Dekan Akademik dan Kemahasiswaan memberikan tanda tangan pada Surat Rekomendasi Pengajuan Beasiswa tersebut. Waktu: ±2 hari
[SOP_Pengajuan_Rekomendasi_Beasiswa | langkah 1] 1. Mahasiswa mendownload dan mengisi formulir/ Surat Rekomendasi Pengajuan Beasiswa ke Subbag Akademik dan Kemahasiswaan (BAK) Fakultas. Waktu: ±30 menit Dokumen yang dibutuhkan: Surat Rekomendasi Beasiswa dan KHS yang dilegalisir Link unduh form: https://drive.google.com/file/d/18f_nbPXHbElgRNoplDFQVNYGGDkFxBTT/view?usp =sharing Output: Surat Rekomendasi Beasiswa dan KHS yang dilegalisir","","7a8bf083ce57a6e1","","","",""
"IRS-P1","procedural","IRS","ya","Bagaimana urutan proses pengisian IRS dari pembayaran sampai IRS disetujui?","1) Mahasiswa membayar biaya pendidikan di bank mitra Undip (BNI, Mandiri, BTN, BRI). 2) Mahasiswa melakukan her-registrasi online melalui SIAP. 3) Mahasiswa mengisi, memperbaiki, atau mencetak IRS sementara secara online melalui SIAP. 4) Mahasiswa menemui Pembimbing Akademik untuk konsultasi mata kuliah, dengan mempertimbangkan ketentuan jumlah SKS maksimal. 5) Jika mata kuliah dan SKS sesuai, Pembimbing Akademik memberikan persetujuan online di SIAP. 6) Mahasiswa dapat mengecek IRS online di SIAP. Maksimal 3 hari kerja.","[bank | bni | mandiri | btn | bri] ; [her-registrasi | her registrasi | herregistrasi | registrasi ulang | daftar ulang] ; [pembimbing akademik | dosen wali] ; [siap]","1. Mahasiswa
2. Mahasiswa
3. Mahasiswa
4. Dosen Wali (also_ok: Mahasiswa)
5. Dosen Wali
6. Mahasiswa","1. subjek: Mahasiswa
2. subjek: Mahasiswa
3. subjek: Mahasiswa
4. subjek: Mahasiswa
5. subjek: Pembimbing Akademik
6. subjek: Mahasiswa","[SOP_Pengisian_IRS | pembuka] Standar Operasional Prosedur (SOP) Pengisian Isian Rencana Studi (IRS) Dokumen ini berisi langkah-langkah yang dapat diikuti untuk dapat mengisi Isian Rencana Studi (IRS) dengan total maksimal waktu pemrosesan maksimal 3 (tiga) hari kerja.
[SOP_Pengisian_IRS | langkah 1] 1. Mahasiswa membayar biaya pendidikan pada bank yang bekerja sama dengan Undip (BNI, Mandiri, BTN, dan BRI). Waktu: ±10 menit Output: Bukti Pembayaran SPP/UKT
[SOP_Pengisian_IRS | langkah 2] 2. Mahasiswa melakukan her-registrasi online melalui SIAP. Waktu: ±10 menit
[SOP_Pengisian_IRS | langkah 3] 3. Mahasiswa melakukan pengisian, perbaikan, atau mencetak IRS sementara secara online melalui SIAP. Waktu: ±10 menit
[SOP_Pengisian_IRS | langkah 4] 4. Mahasiswa menemui Pembimbing Akademik untuk berkonsultasi mengenai mata kuliah yang akan diambil. Pembimbing memberikan arahan dengan mempertimbangkan ketentuan jumlah SKS maksimal pada semester terkait. Waktu: ±10 menit Output: Print out IRS / Online IRS
[SOP_Pengisian_IRS | langkah 5] 5. Apabila mata kuliah dan jumlah SKS sudah sesuai, Pembimbing Akademik melakukan persetujuan secara online pada SIAP. Waktu: ±10 menit Output: Persetujuan Pembimbing Akademik melalui SIAP
[SOP_Pengisian_IRS | langkah 6] 6. Mahasiswa dapat melakukan pengecekan IRS online di sistem SIAP bila diperlukan. Waktu: ±10 menit Output: File IRS SIAP","AKTOR_EMAS_BEDA_SUBJEK: langkah 4 emas=Dosen Wali (also_ok=Mahasiswa) vs subjek PDF=Mahasiswa","fc3851445578521b","","","",""
"IRS-P2","procedural","IRS","ya","gimana sih urutan isi irs sampai disetujui doswal?","Bayar biaya pendidikan di bank mitra (BNI, Mandiri, BTN, BRI); her-registrasi online di SIAP; isi atau cetak IRS sementara di SIAP; konsultasi ke Pembimbing Akademik (dosen wali) soal mata kuliah dan SKS maksimal; Pembimbing Akademik menyetujui secara online di SIAP; cek IRS di SIAP bila perlu.","[bank | bni | mandiri | btn | bri] ; [her-registrasi | her registrasi | herregistrasi | registrasi ulang | daftar ulang] ; [siap]","1. Mahasiswa
2. Mahasiswa
3. Mahasiswa
4. Dosen Wali (also_ok: Mahasiswa)
5. Dosen Wali
6. Mahasiswa","1. subjek: Mahasiswa
2. subjek: Mahasiswa
3. subjek: Mahasiswa
4. subjek: Mahasiswa
5. subjek: Pembimbing Akademik
6. subjek: Mahasiswa","[SOP_Pengisian_IRS | pembuka] Standar Operasional Prosedur (SOP) Pengisian Isian Rencana Studi (IRS) Dokumen ini berisi langkah-langkah yang dapat diikuti untuk dapat mengisi Isian Rencana Studi (IRS) dengan total maksimal waktu pemrosesan maksimal 3 (tiga) hari kerja.
[SOP_Pengisian_IRS | langkah 1] 1. Mahasiswa membayar biaya pendidikan pada bank yang bekerja sama dengan Undip (BNI, Mandiri, BTN, dan BRI). Waktu: ±10 menit Output: Bukti Pembayaran SPP/UKT
[SOP_Pengisian_IRS | langkah 2] 2. Mahasiswa melakukan her-registrasi online melalui SIAP. Waktu: ±10 menit
[SOP_Pengisian_IRS | langkah 3] 3. Mahasiswa melakukan pengisian, perbaikan, atau mencetak IRS sementara secara online melalui SIAP. Waktu: ±10 menit
[SOP_Pengisian_IRS | langkah 4] 4. Mahasiswa menemui Pembimbing Akademik untuk berkonsultasi mengenai mata kuliah yang akan diambil. Pembimbing memberikan arahan dengan mempertimbangkan ketentuan jumlah SKS maksimal pada semester terkait. Waktu: ±10 menit Output: Print out IRS / Online IRS
[SOP_Pengisian_IRS | langkah 5] 5. Apabila mata kuliah dan jumlah SKS sudah sesuai, Pembimbing Akademik melakukan persetujuan secara online pada SIAP. Waktu: ±10 menit Output: Persetujuan Pembimbing Akademik melalui SIAP
[SOP_Pengisian_IRS | langkah 6] 6. Mahasiswa dapat melakukan pengecekan IRS online di sistem SIAP bila diperlukan. Waktu: ±10 menit Output: File IRS SIAP","AKTOR_EMAS_BEDA_SUBJEK: langkah 4 emas=Dosen Wali (also_ok=Mahasiswa) vs subjek PDF=Mahasiswa","5312f00cd52b68db","","","",""
"IRS-A1","actor","IRS","ya","Siapa yang menyetujui IRS, dan bagaimana persetujuannya dilakukan?","Pembimbing Akademik (dosen wali) menyetujui IRS secara online di SIAP, setelah mahasiswa berkonsultasi dan mata kuliah serta jumlah SKS sudah sesuai.","[pembimbing akademik | dosen wali] ; [online | siap] ; [sks | mata kuliah]","","","[SOP_Pengisian_IRS | langkah 4] 4. Mahasiswa menemui Pembimbing Akademik untuk berkonsultasi mengenai mata kuliah yang akan diambil. Pembimbing memberikan arahan dengan mempertimbangkan ketentuan jumlah SKS maksimal pada semester terkait. Waktu: ±10 menit Output: Print out IRS / Online IRS
[SOP_Pengisian_IRS | langkah 5] 5. Apabila mata kuliah dan jumlah SKS sudah sesuai, Pembimbing Akademik melakukan persetujuan secara online pada SIAP. Waktu: ±10 menit Output: Persetujuan Pembimbing Akademik melalui SIAP
[SOP_Pengisian_IRS | langkah 3] 3. Mahasiswa melakukan pengisian, perbaikan, atau mencetak IRS sementara secara online melalui SIAP. Waktu: ±10 menit","","5ee92243f0d96e8e","","","",""
"IRS-D1","documents","IRS","ya","Di bank mana saja biaya pendidikan bisa dibayar sebelum mengisi IRS?","Di bank yang bekerja sama dengan Undip: BNI, Mandiri, BTN, dan BRI.","[bni] ; [mandiri] ; [btn] ; [bri]","","","[SOP_Pengisian_IRS | langkah 1] 1. Mahasiswa membayar biaya pendidikan pada bank yang bekerja sama dengan Undip (BNI, Mandiri, BTN, dan BRI). Waktu: ±10 menit Output: Bukti Pembayaran SPP/UKT
[SOP_Pengisian_IRS | pembuka] Standar Operasional Prosedur (SOP) Pengisian Isian Rencana Studi (IRS) Dokumen ini berisi langkah-langkah yang dapat diikuti untuk dapat mengisi Isian Rencana Studi (IRS) dengan total maksimal waktu pemrosesan maksimal 3 (tiga) hari kerja.
[SOP_Pengisian_IRS | langkah 4] 4. Mahasiswa menemui Pembimbing Akademik untuk berkonsultasi mengenai mata kuliah yang akan diambil. Pembimbing memberikan arahan dengan mempertimbangkan ketentuan jumlah SKS maksimal pada semester terkait. Waktu: ±10 menit Output: Print out IRS / Online IRS","","21d957cad17780c8","","","",""
"IRS-T1","time_location","IRS","ya","Setelah membayar biaya pendidikan, apa yang harus dilakukan sebelum bisa mengisi IRS, dan lewat sistem apa?","Melakukan her-registrasi online melalui SIAP, baru kemudian mengisi IRS sementara di SIAP.","[her-registrasi | her registrasi | herregistrasi | registrasi ulang | daftar ulang | registrasi] ; [siap]","","","[SOP_Pengisian_IRS | langkah 2] 2. Mahasiswa melakukan her-registrasi online melalui SIAP. Waktu: ±10 menit
[SOP_Pengisian_IRS | langkah 1] 1. Mahasiswa membayar biaya pendidikan pada bank yang bekerja sama dengan Undip (BNI, Mandiri, BTN, dan BRI). Waktu: ±10 menit Output: Bukti Pembayaran SPP/UKT
[SOP_Pengisian_IRS | langkah 3] 3. Mahasiswa melakukan pengisian, perbaikan, atau mencetak IRS sementara secara online melalui SIAP. Waktu: ±10 menit","","5459569f7f17baa4","","","",""
"AKT-P1","procedural","AKTIF","ya","Saya baru selesai cuti akademik, bagaimana langkah-langkah supaya bisa aktif kuliah lagi?","1) Mahasiswa membawa surat izin cuti akademik dan fotokopi KTM, lalu melapor kepada Ketua Program Studi dan Subbag Akademik dan Kemahasiswaan (±5 menit). 2) Mahasiswa melakukan registrasi online pada SSO masing-masing (±5 menit). 3) Mahasiswa terdaftar sebagai peserta kuliah/mahasiswa aktif di fakultas (±5 menit).","[lapor* | melapor*] ; [sso] ; [ketua program studi | kaprodi]","1. Mahasiswa (also_ok: Ketua Program Studi, Subbag Akademik)
2. Mahasiswa
3. Mahasiswa","1. subjek: Mahasiswa
2. subjek: Mahasiswa
3. subjek: Mahasiswa","[SOP_Permohonan_Izin_Aktif_Setelah_Cuti | pembuka] Standar Operasional Prosedur (SOP) Permohonan Izin Aktif Setelah Cuti Dokumen ini berisi langkah -langkah yang dapat diikuti untuk dapat memperoleh izin aktif setelah cuti.
[SOP_Permohonan_Izin_Aktif_Setelah_Cuti | langkah 1] 1. Mahasiswa membawa surat izin cuti akademik semester melapor kepada Ketua Program Studi dan Subbag Akademik dan Kemahasiswaan. Waktu: ±5 menit Dokumen yang dibutuhkan : Surat Izin Cuti dan Fotokopi Kartu Tanda Mahasiswa (KTM)
[SOP_Permohonan_Izin_Aktif_Setelah_Cuti | langkah 2] 2. Mahasiswa melakukan registrasi online pada SSO masing-masing mahasiswa. Waktu: ±5 menit
[SOP_Permohonan_Izin_Aktif_Setelah_Cuti | langkah 3] 3. Mahasiswa terdaftar sebagai Peserta Kuliah / Mahasiswa Aktif di Fakuktas. Waktu: ±5 menit","","c4acec9dd7b836d7","","","",""
"AKT-A1","actor","AKTIF","ya","Setelah masa cuti selesai, kepada siapa saya harus melapor?","Kepada Ketua Program Studi dan Subbag Akademik dan Kemahasiswaan, dengan membawa surat izin cuti akademik.","[ketua program studi | kaprodi] ; [subbag akademik | subbagian akademik | bagian akademik]","","","[SOP_Permohonan_Izin_Aktif_Setelah_Cuti | langkah 1] 1. Mahasiswa membawa surat izin cuti akademik semester melapor kepada Ketua Program Studi dan Subbag Akademik dan Kemahasiswaan. Waktu: ±5 menit Dokumen yang dibutuhkan : Surat Izin Cuti dan Fotokopi Kartu Tanda Mahasiswa (KTM)
[SOP_Permohonan_Izin_Aktif_Setelah_Cuti | pembuka] Standar Operasional Prosedur (SOP) Permohonan Izin Aktif Setelah Cuti Dokumen ini berisi langkah -langkah yang dapat diikuti untuk dapat memperoleh izin aktif setelah cuti.","","61d69cf45a40dbda","","","",""
"AKT-D1","documents","AKTIF","ya","Dokumen apa yang dibawa saat melapor untuk aktif kembali setelah cuti?","Surat izin cuti akademik dan fotokopi Kartu Tanda Mahasiswa (KTM).","[surat izin cuti] ; [ktm | kartu tanda mahasiswa]","","","[SOP_Permohonan_Izin_Aktif_Setelah_Cuti | langkah 1] 1. Mahasiswa membawa surat izin cuti akademik semester melapor kepada Ketua Program Studi dan Subbag Akademik dan Kemahasiswaan. Waktu: ±5 menit Dokumen yang dibutuhkan : Surat Izin Cuti dan Fotokopi Kartu Tanda Mahasiswa (KTM)
[SOP_Permohonan_Izin_Aktif_Setelah_Cuti | pembuka] Standar Operasional Prosedur (SOP) Permohonan Izin Aktif Setelah Cuti Dokumen ini berisi langkah -langkah yang dapat diikuti untuk dapat memperoleh izin aktif setelah cuti.
[SOP_Permohonan_Izin_Aktif_Setelah_Cuti | langkah 3] 3. Mahasiswa terdaftar sebagai Peserta Kuliah / Mahasiswa Aktif di Fakuktas. Waktu: ±5 menit","","86434d7295f33b10","","","",""
"AKT-T1","time_location","AKTIF","ya","Registrasi online untuk aktif kembali setelah cuti dilakukan lewat sistem apa?","Melalui SSO masing-masing mahasiswa.","[sso]","","","[SOP_Permohonan_Izin_Aktif_Setelah_Cuti | pembuka] Standar Operasional Prosedur (SOP) Permohonan Izin Aktif Setelah Cuti Dokumen ini berisi langkah -langkah yang dapat diikuti untuk dapat memperoleh izin aktif setelah cuti.
[SOP_Permohonan_Izin_Aktif_Setelah_Cuti | langkah 2] 2. Mahasiswa melakukan registrasi online pada SSO masing-masing mahasiswa. Waktu: ±5 menit
[SOP_Permohonan_Izin_Aktif_Setelah_Cuti | langkah 1] 1. Mahasiswa membawa surat izin cuti akademik semester melapor kepada Ketua Program Studi dan Subbag Akademik dan Kemahasiswaan. Waktu: ±5 menit Dokumen yang dibutuhkan : Surat Izin Cuti dan Fotokopi Kartu Tanda Mahasiswa (KTM)","","0aa97f9cf69db797","","","",""
"UKT-P1","procedural","UKT","ya","Apa saja tahapan permohonan izin keterlambatan pembayaran UKT, dan siapa yang berwenang di tiap tahap?","1) Mahasiswa mengunduh, mengisi, dan menandatangani Form Permohonan Keterlambatan Pembayaran UKT serta melampirkan persyaratan. 2) Mahasiswa meminta tanda tangan dosen wali serta persetujuan dan tanda tangan Ketua Program Studi. 3) Mahasiswa menyerahkan form ke Supervisor Sumber Daya. 4) Supervisor Sumber Daya memeriksa kelengkapan dan memberi paraf. 5) Wakil Dekan Sumber Daya memproses surat. 6) Wakil Dekan Sumber Daya menandatangani surat. 7) Subbag Sumber Daya memproses surat. 8) Mahasiswa membawa surat ke Wakil Rektor II melalui Manajer Akademik. 9) Wakil Rektor II mendisposisikan ke Direktorat Keuangan. 10) Bendahara Penerimaan UKT membuka sistem pembayaran. 11) Mahasiswa membayar UKT ke bank. Maksimal 3 hari kerja.","[dosen wali] ; [supervisor sumber daya] ; [wakil dekan sumber daya | wakil dekan ii | wakil dekan 2] ; [wakil rektor | warek | wr ii | wr 2] ; [bendahara*]","1. Mahasiswa
2. Dosen Wali / Ketua Program Studi (also_ok: Mahasiswa)
3. Mahasiswa (also_ok: Supervisor Sumber Daya)
4. Supervisor Sumber Daya
5. Wakil Dekan Sumber Daya
6. Wakil Dekan Sumber Daya
7. Subbag Sumber Daya
8. Mahasiswa (also_ok: Wakil Rektor II, Manajer Akademik)
9. Wakil Rektor II (also_ok: Direktorat Keuangan)
10. Bendahara Penerimaan
11. Mahasiswa","1. subjek: Mahasiswa
2. subjek: Mahasiswa
3. subjek: Mahasiswa
4. subjek: Supervisor Sumber Daya
5. subjek: Wakil Dekan Sumber Daya
6. subjek: Wakil Dekan Sumber Daya
7. subjek: Subbag Sumber Daya
8. subjek: Mahasiswa
9. subjek: Wakil Rektor II
10. subjek: Bendahara Penerimaan UKT
11. subjek: Mahasiswa","[SOP_Permohonan_Izin_Keterlambatan_Pembayaran_UKT | pembuka] Standar Operasional Prosedur (SOP) Permohonan Izin Keterlambatan Pembayaran UKT Dokumen ini berisi langkah -langkah yang dapat diikuti untuk memperoleh izin keterlambatan pembayaran UKT dengan total maksimal waktu pemrosesan m aksimal 3 (tiga) hari kerja.
[SOP_Permohonan_Izin_Keterlambatan_Pembayaran_UKT | langkah 1] 1. Mahasiswa mengunduh, mengisi, dan menandatangani Form Permohonan Keterlambatan Pembayaran UKT serta melampirkan persyaratan. Link unduh form: https://drive.google.com/file/d/1o7hogihjZsFTB_V27JU1OfNGBuI2Sr55/
[SOP_Permohonan_Izin_Keterlambatan_Pembayaran_UKT | langkah 2] 2. Mahasiswa meminta tanda tangan dosen wali serta persetujuan dan tanda tangan Ketua Program Studi.
[SOP_Permohonan_Izin_Keterlambatan_Pembayaran_UKT | langkah 3] 3. Mahasiswa menyerahkan Form Permohonan Keterlambatan UKT yang telah ditandatangani dan disetujui kepada Supervisor Sumber Daya.
[SOP_Permohonan_Izin_Keterlambatan_Pembayaran_UKT | langkah 4] 4. Supervisor Sumber Daya menerima, memeriksa, dan meneliti kelengkapan persyaratan form, serta memberikan paraf.
[SOP_Permohonan_Izin_Keterlambatan_Pembayaran_UKT | langkah 5] 5. Wakil Dekan Sumber Daya memproses Surat Permohonan Izin Keterlambatan Pembayaran UKT.
[SOP_Permohonan_Izin_Keterlambatan_Pembayaran_UKT | langkah 6] 6. Wakil Dekan Sumber Daya menandatangani Surat Permohonan Izin Keterlambatan Pembayaran UKT.
[SOP_Permohonan_Izin_Keterlambatan_Pembayaran_UKT | langkah 7] 7. Subbag Sumber Daya memproses Surat Permohonan Keterlambatan Pembayaran UKT.
[SOP_Permohonan_Izin_Keterlambatan_Pembayaran_UKT | langkah 8] 8. Mahasiswa membawa Surat Permohonan Keterlambatan Pembayaran UKT kepada Wakil Rektor II melalui Manajer Akademik.
[SOP_Permohonan_Izin_Keterlambatan_Pembayaran_UKT | langkah 9] 9. Wakil Rektor II mendisposisikan ke Direktorat Keuangan untuk memproses pembayaran UKT.
[SOP_Permohonan_Izin_Keterlambatan_Pembayaran_UKT | langkah 10] 10. Bendahara Penerimaan UKT membuka sistem pembayaran mahasiswa.
[SOP_Permohonan_Izin_Keterlambatan_Pembayaran_UKT | langkah 11] 11. Mahasiswa membayar biaya UKT ke bank.","AKTOR_EMAS_BEDA_SUBJEK: langkah 2 emas=Dosen Wali/Ketua Program Studi (also_ok=Mahasiswa) vs subjek PDF=Mahasiswa","becceaed0fcaac18","","","",""
"UKT-P2","procedural","UKT","ya","kak aku telat bayar ukt, harus ngurus apa aja dan ke siapa aja urutannya?","Unduh dan isi Form Permohonan Keterlambatan Pembayaran UKT beserta persyaratan; minta tanda tangan dosen wali dan Ketua Program Studi; serahkan ke Supervisor Sumber Daya yang memeriksa dan memberi paraf; Wakil Dekan Sumber Daya memproses dan menandatangani; Subbag Sumber Daya memproses surat; bawa surat ke Wakil Rektor II melalui Manajer Akademik; WR II mendisposisikan ke Direktorat Keuangan; Bendahara Penerimaan UKT membuka sistem pembayaran; bayar UKT di bank.","[dosen wali] ; [supervisor sumber daya] ; [wakil rektor | warek | wr ii | wr 2] ; [bendahara*]","1. Mahasiswa
2. Dosen Wali / Ketua Program Studi (also_ok: Mahasiswa)
3. Mahasiswa (also_ok: Supervisor Sumber Daya)
4. Supervisor Sumber Daya
5. Wakil Dekan Sumber Daya
6. Wakil Dekan Sumber Daya
7. Subbag Sumber Daya
8. Mahasiswa (also_ok: Wakil Rektor II, Manajer Akademik)
9. Wakil Rektor II (also_ok: Direktorat Keuangan)
10. Bendahara Penerimaan
11. Mahasiswa","1. subjek: Mahasiswa
2. subjek: Mahasiswa
3. subjek: Mahasiswa
4. subjek: Supervisor Sumber Daya
5. subjek: Wakil Dekan Sumber Daya
6. subjek: Wakil Dekan Sumber Daya
7. subjek: Subbag Sumber Daya
8. subjek: Mahasiswa
9. subjek: Wakil Rektor II
10. subjek: Bendahara Penerimaan UKT
11. subjek: Mahasiswa","[SOP_Permohonan_Izin_Keterlambatan_Pembayaran_UKT | pembuka] Standar Operasional Prosedur (SOP) Permohonan Izin Keterlambatan Pembayaran UKT Dokumen ini berisi langkah -langkah yang dapat diikuti untuk memperoleh izin keterlambatan pembayaran UKT dengan total maksimal waktu pemrosesan m aksimal 3 (tiga) hari kerja.
[SOP_Permohonan_Izin_Keterlambatan_Pembayaran_UKT | langkah 1] 1. Mahasiswa mengunduh, mengisi, dan menandatangani Form Permohonan Keterlambatan Pembayaran UKT serta melampirkan persyaratan. Link unduh form: https://drive.google.com/file/d/1o7hogihjZsFTB_V27JU1OfNGBuI2Sr55/
[SOP_Permohonan_Izin_Keterlambatan_Pembayaran_UKT | langkah 2] 2. Mahasiswa meminta tanda tangan dosen wali serta persetujuan dan tanda tangan Ketua Program Studi.
[SOP_Permohonan_Izin_Keterlambatan_Pembayaran_UKT | langkah 3] 3. Mahasiswa menyerahkan Form Permohonan Keterlambatan UKT yang telah ditandatangani dan disetujui kepada Supervisor Sumber Daya.
[SOP_Permohonan_Izin_Keterlambatan_Pembayaran_UKT | langkah 4] 4. Supervisor Sumber Daya menerima, memeriksa, dan meneliti kelengkapan persyaratan form, serta memberikan paraf.
[SOP_Permohonan_Izin_Keterlambatan_Pembayaran_UKT | langkah 5] 5. Wakil Dekan Sumber Daya memproses Surat Permohonan Izin Keterlambatan Pembayaran UKT.
[SOP_Permohonan_Izin_Keterlambatan_Pembayaran_UKT | langkah 6] 6. Wakil Dekan Sumber Daya menandatangani Surat Permohonan Izin Keterlambatan Pembayaran UKT.
[SOP_Permohonan_Izin_Keterlambatan_Pembayaran_UKT | langkah 7] 7. Subbag Sumber Daya memproses Surat Permohonan Keterlambatan Pembayaran UKT.
[SOP_Permohonan_Izin_Keterlambatan_Pembayaran_UKT | langkah 8] 8. Mahasiswa membawa Surat Permohonan Keterlambatan Pembayaran UKT kepada Wakil Rektor II melalui Manajer Akademik.
[SOP_Permohonan_Izin_Keterlambatan_Pembayaran_UKT | langkah 9] 9. Wakil Rektor II mendisposisikan ke Direktorat Keuangan untuk memproses pembayaran UKT.
[SOP_Permohonan_Izin_Keterlambatan_Pembayaran_UKT | langkah 10] 10. Bendahara Penerimaan UKT membuka sistem pembayaran mahasiswa.
[SOP_Permohonan_Izin_Keterlambatan_Pembayaran_UKT | langkah 11] 11. Mahasiswa membayar biaya UKT ke bank.","AKTOR_EMAS_BEDA_SUBJEK: langkah 2 emas=Dosen Wali/Ketua Program Studi (also_ok=Mahasiswa) vs subjek PDF=Mahasiswa","13e18d8da0d045ee","","","",""
"UKT-A1","actor","UKT","ya","Form izin keterlambatan UKT yang sudah ditandatangani diserahkan ke siapa, dan siapa yang menandatangani suratnya di tingkat fakultas?","Form diserahkan ke Supervisor Sumber Daya; surat ditandatangani oleh Wakil Dekan Sumber Daya.","[supervisor sumber daya] ; [wakil dekan sumber daya | wakil dekan ii | wakil dekan 2]","","","[SOP_Permohonan_Izin_Keterlambatan_Pembayaran_UKT | langkah 3] 3. Mahasiswa menyerahkan Form Permohonan Keterlambatan UKT yang telah ditandatangani dan disetujui kepada Supervisor Sumber Daya.
[SOP_Permohonan_Izin_Keterlambatan_Pembayaran_UKT | langkah 6] 6. Wakil Dekan Sumber Daya menandatangani Surat Permohonan Izin Keterlambatan Pembayaran UKT.
[SOP_Permohonan_Izin_Keterlambatan_Pembayaran_UKT | langkah 5] 5. Wakil Dekan Sumber Daya memproses Surat Permohonan Izin Keterlambatan Pembayaran UKT.","","d7b1ecac4899a3c9","","","",""
"UKT-D1","documents","UKT","ya","Tanda tangan siapa saja yang harus dikumpulkan di form keterlambatan UKT sebelum diserahkan?","Tanda tangan dosen wali serta persetujuan dan tanda tangan Ketua Program Studi.","[dosen wali] ; [ketua program studi | kaprodi]","","","[SOP_Permohonan_Izin_Keterlambatan_Pembayaran_UKT | langkah 2] 2. Mahasiswa meminta tanda tangan dosen wali serta persetujuan dan tanda tangan Ketua Program Studi.
[SOP_Permohonan_Izin_Keterlambatan_Pembayaran_UKT | langkah 3] 3. Mahasiswa menyerahkan Form Permohonan Keterlambatan UKT yang telah ditandatangani dan disetujui kepada Supervisor Sumber Daya.
[SOP_Permohonan_Izin_Keterlambatan_Pembayaran_UKT | langkah 1] 1. Mahasiswa mengunduh, mengisi, dan menandatangani Form Permohonan Keterlambatan Pembayaran UKT serta melampirkan persyaratan. Link unduh form: https://drive.google.com/file/d/1o7hogihjZsFTB_V27JU1OfNGBuI2Sr55/","","5ad8dfa7ba481d15","","","",""
"UKT-T1","time_location","UKT","ya","Setelah surat keterlambatan UKT diproses fakultas, ke mana surat itu dibawa dan siapa yang membuka sistem pembayaran?","Mahasiswa membawa surat ke Wakil Rektor II melalui Manajer Akademik; Wakil Rektor II mendisposisikan ke Direktorat Keuangan; Bendahara Penerimaan UKT membuka sistem pembayaran, lalu mahasiswa membayar UKT ke bank.","[wakil rektor | warek | wr ii | wr 2] ; [manajer akademik] ; [direktorat keuangan] ; [bendahara*]","","","[SOP_Permohonan_Izin_Keterlambatan_Pembayaran_UKT | langkah 8] 8. Mahasiswa membawa Surat Permohonan Keterlambatan Pembayaran UKT kepada Wakil Rektor II melalui Manajer Akademik.
[SOP_Permohonan_Izin_Keterlambatan_Pembayaran_UKT | langkah 9] 9. Wakil Rektor II mendisposisikan ke Direktorat Keuangan untuk memproses pembayaran UKT.
[SOP_Permohonan_Izin_Keterlambatan_Pembayaran_UKT | langkah 10] 10. Bendahara Penerimaan UKT membuka sistem pembayaran mahasiswa.","","676808042faa33ff","","","",""
"X-1","cross_sop","CUTI+AKTIF","ya","Apa perbedaan dokumen yang dibawa untuk mengajukan cuti akademik dengan untuk aktif kembali setelah cuti?","Untuk cuti akademik: Form Cuti Akademik, Transkrip Akademik, bukti bayar SPP/UKT terakhir, fotokopi KTM, dan dokumen pendukung lain (serta pengisian online di SIAP). Untuk aktif kembali: surat izin cuti akademik dan fotokopi KTM.","[transkrip*] ; [bukti bayar | bukti pembayaran] ; [surat izin cuti] ; [ktm | kartu tanda mahasiswa]","","","[SOP_Izin_Cuti_Akademik | langkah 1] 1. Mahasiswa mengunduh, mengisi, dan menandatangani Form Cuti Akademik dengan melampirkan persyaratan. Selain itu, mahasiswa juga wajib mengisi secara online melalui SIAP. Dokumen yang dibutuhkan: Form Cuti Akademik, Transkrip Akademik, Bukti bayar SPP/UKT terakhir, Fotokopi KTM, dan dokumen pendukung lain Link unduh form : https://drive.google.com/file/d/1miPHNvRj6XO6LEhFCiC_QXcMtynCPWR2/edit
[SOP_Permohonan_Izin_Aktif_Setelah_Cuti | langkah 1] 1. Mahasiswa membawa surat izin cuti akademik semester melapor kepada Ketua Program Studi dan Subbag Akademik dan Kemahasiswaan. Waktu: ±5 menit Dokumen yang dibutuhkan : Surat Izin Cuti dan Fotokopi Kartu Tanda Mahasiswa (KTM)
[SOP_Izin_Cuti_Akademik | pembuka] Standar Operasional Prosedur (SOP) Permohonan Izin Cuti Akademik Dokumen ini berisi langkah -langkah yang dapat diikuti untuk memperoleh izin cuti akademik dengan total maksimal waktu pemrosesan maksimal 3 (tiga) hari kerja.","","0d73edb90e130b3b","","","",""
"X-2","cross_sop","CUTI+UKT","ya","Surat izin cuti akademik dan surat izin keterlambatan UKT masing-masing ditandatangani oleh siapa?","Surat izin cuti akademik (Surat Izin Dekan) ditandatangani oleh Dekan. Surat permohonan izin keterlambatan pembayaran UKT ditandatangani oleh Wakil Dekan Sumber Daya, kemudian dibawa ke Wakil Rektor II melalui Manajer Akademik.","[surat izin dekan | ditandatangani dekan | ditandatangani oleh dekan | dekan menandatangani | tanda tangan dekan] ; [wakil dekan sumber daya | wakil dekan ii | wakil dekan 2]","","","[SOP_Izin_Cuti_Akademik | langkah 6] 6. Subbag Sumber Daya memberi nomor surat dan mengirimkannya ke Subbag Akademik dan Kemahasiswaan dengan tembusan ke Dosen Wali dan Ketua Program Studi. Output: Surat Izin Dekan
[SOP_Permohonan_Izin_Keterlambatan_Pembayaran_UKT | langkah 5] 5. Wakil Dekan Sumber Daya memproses Surat Permohonan Izin Keterlambatan Pembayaran UKT.
[SOP_Permohonan_Izin_Keterlambatan_Pembayaran_UKT | langkah 6] 6. Wakil Dekan Sumber Daya menandatangani Surat Permohonan Izin Keterlambatan Pembayaran UKT.","","bd7e810bd9cbd720","","","",""
"X-3","cross_sop","IRS+UKT+CUTI","ya","Dosen wali terlibat di SOP mana saja, dan apa perannya masing-masing?","Di SOP Pengisian IRS, Pembimbing Akademik (dosen wali) memberi konsultasi mata kuliah/SKS dan menyetujui IRS secara online di SIAP. Di SOP keterlambatan pembayaran UKT, dosen wali menandatangani form permohonan. Di SOP cuti akademik, dosen wali menerima tembusan Surat Izin Dekan.","[irs] ; [ukt] ; [tembusan]","","","[SOP_Pengisian_IRS | langkah 4] 4. Mahasiswa menemui Pembimbing Akademik untuk berkonsultasi mengenai mata kuliah yang akan diambil. Pembimbing memberikan arahan dengan mempertimbangkan ketentuan jumlah SKS maksimal pada semester terkait. Waktu: ±10 menit Output: Print out IRS / Online IRS
[SOP_Permohonan_Izin_Keterlambatan_Pembayaran_UKT | langkah 6] 6. Wakil Dekan Sumber Daya menandatangani Surat Permohonan Izin Keterlambatan Pembayaran UKT.
[SOP_Izin_Cuti_Akademik | langkah 6] 6. Subbag Sumber Daya memberi nomor surat dan mengirimkannya ke Subbag Akademik dan Kemahasiswaan dengan tembusan ke Dosen Wali dan Ketua Program Studi. Output: Surat Izin Dekan
[SOP_Izin_Cuti_Akademik | langkah 1] 1. Mahasiswa mengunduh, mengisi, dan menandatangani Form Cuti Akademik dengan melampirkan persyaratan. Selain itu, mahasiswa juga wajib mengisi secara online melalui SIAP. Dokumen yang dibutuhkan: Form Cuti Akademik, Transkrip Akademik, Bukti bayar SPP/UKT terakhir, Fotokopi KTM, dan dokumen pendukung lain Link unduh form : https://drive.google.com/file/d/1miPHNvRj6XO6LEhFCiC_QXcMtynCPWR2/edit","","ce3e5170d4432949","","","",""
"NA-1","unanswerable","LEGALISIR","tidak","Berapa biaya legalisir ijazah per lembar di FSM?","Informasi biaya legalisir tidak terdapat dalam SOP yang tersedia.","","","","[SOP_Legalisir_Ijazah_Dan_Transkrip | pembuka] Standar Operasional Prosedur (SOP) Legalisir Ijazah Dan Transkrip Dokumen ini berisi langkah -langkah yang dapat diikuti untuk dapat melalukan legalisir ijazah dan transkrip dengan total maksimal waktu pemrosesan maksimal 3 (tiga) hari kerja.
[SOP_Legalisir_Ijazah_Dan_Transkrip | langkah 1] 1. Alumni menyerahkan foto copy ijazah/transkrip nilai/sertifikat akreditasi program studi beserta surat aslinya kepada petugas Subbag Akademik dan Kemahasiswaan. Waktu: ±5 menit Dokumen yang dibutuhkan: Berkas Pengajuan Legalisir Output: Berkas Pengajuan Legalisir
[SOP_Legalisir_Ijazah_Dan_Transkrip | langkah 2] 2. Petugas Subbag Akademik dan Kemahasiswaan memeriksa keabsahan, kesesuaian foto copy ijazah/transkrip nilai/sertifikat akreditasi program studi dengan surat aslinya dan memberikan cap. Waktu: ±10 menit Output: Persetujuan Legalisir","","d232e5ac8068fa23","","","",""
"NA-2","unanswerable","CUTI","tidak","Berapa semester maksimal seorang mahasiswa boleh mengambil cuti akademik?","Batas maksimal jumlah semester cuti tidak diatur dalam SOP yang tersedia.","","","","[SOP_Izin_Cuti_Akademik | pembuka] Standar Operasional Prosedur (SOP) Permohonan Izin Cuti Akademik Dokumen ini berisi langkah -langkah yang dapat diikuti untuk memperoleh izin cuti akademik dengan total maksimal waktu pemrosesan maksimal 3 (tiga) hari kerja.
[SOP_Izin_Cuti_Akademik | langkah 1] 1. Mahasiswa mengunduh, mengisi, dan menandatangani Form Cuti Akademik dengan melampirkan persyaratan. Selain itu, mahasiswa juga wajib mengisi secara online melalui SIAP. Dokumen yang dibutuhkan: Form Cuti Akademik, Transkrip Akademik, Bukti bayar SPP/UKT terakhir, Fotokopi KTM, dan dokumen pendukung lain Link unduh form : https://drive.google.com/file/d/1miPHNvRj6XO6LEhFCiC_QXcMtynCPWR2/edit
[SOP_Izin_Cuti_Akademik | langkah 3] 3. Mahasiswa menyerahkan Form Cuti Akademik yang telah ditandatangani Ketua Program Studi ke Dekan. Kemudian dilakukan disposisi ke Subbag Akademik dan Kemahasiswaan.","","4c6b0dcccefbc091","","","",""
"NA-3","unanswerable","BEASISWA","tidak","Berapa IPK minimal untuk bisa mendapatkan surat rekomendasi beasiswa dari fakultas?","Syarat IPK minimal tidak terdapat dalam SOP rekomendasi beasiswa yang tersedia.","","","","[SOP_Pengajuan_Rekomendasi_Beasiswa | pembuka] Standar Operasional Prosedur (SOP) Surat Pengajuan Rekomendasi Beasiswa Dokumen ini berisi langkah -langkah yang dapat diikuti untuk mengajukan dan mendapatkan rekomendasi beasiswa dengan total maksimal waktu pemrosesan m aksimal 3 (tiga) hari, 45 menit waktu kerja.
[SOP_Pengajuan_Rekomendasi_Beasiswa | langkah 1] 1. Mahasiswa mendownload dan mengisi formulir/ Surat Rekomendasi Pengajuan Beasiswa ke Subbag Akademik dan Kemahasiswaan (BAK) Fakultas. Waktu: ±30 menit Dokumen yang dibutuhkan: Surat Rekomendasi Beasiswa dan KHS yang dilegalisir Link unduh form: https://drive.google.com/file/d/18f_nbPXHbElgRNoplDFQVNYGGDkFxBTT/view?usp =sharing Output: Surat Rekomendasi Beasiswa dan KHS yang dilegalisir
[SOP_Pengajuan_Rekomendasi_Beasiswa | langkah 2] 2. BAK Fakultas meneliti dan memverifikasi Surat Rekomendasi Pengajuan Beasiswa. Waktu: ±1 hari","","ae4061ec917b6b7f","","","",""
"NA-4","unanswerable","-","tidak","Bagaimana prosedur pendaftaran wisuda di FSM?","Prosedur pendaftaran wisuda tidak termasuk dalam SOP yang tersedia.","","","","[SOP_Izin_Cuti_Akademik | pembuka] Standar Operasional Prosedur (SOP) Permohonan Izin Cuti Akademik Dokumen ini berisi langkah -langkah yang dapat diikuti untuk memperoleh izin cuti akademik dengan total maksimal waktu pemrosesan maksimal 3 (tiga) hari kerja.
[SOP_Legalisir_Ijazah_Dan_Transkrip | pembuka] Standar Operasional Prosedur (SOP) Legalisir Ijazah Dan Transkrip Dokumen ini berisi langkah -langkah yang dapat diikuti untuk dapat melalukan legalisir ijazah dan transkrip dengan total maksimal waktu pemrosesan maksimal 3 (tiga) hari kerja.","","4007848a0e99e6d0","","","",""
"NA-5","unanswerable","IRS","tidak","Berapa SKS maksimal yang boleh saya ambil kalau IPK saya 3,5?","SOP Pengisian IRS hanya menyebut bahwa Pembimbing Akademik mempertimbangkan ketentuan jumlah SKS maksimal; angka SKS maksimal per IPK tidak terdapat dalam SOP yang tersedia.","","","","[SOP_Pengisian_IRS | langkah 4] 4. Mahasiswa menemui Pembimbing Akademik untuk berkonsultasi mengenai mata kuliah yang akan diambil. Pembimbing memberikan arahan dengan mempertimbangkan ketentuan jumlah SKS maksimal pada semester terkait. Waktu: ±10 menit Output: Print out IRS / Online IRS
[SOP_Pengisian_IRS | pembuka] Standar Operasional Prosedur (SOP) Pengisian Isian Rencana Studi (IRS) Dokumen ini berisi langkah-langkah yang dapat diikuti untuk dapat mengisi Isian Rencana Studi (IRS) dengan total maksimal waktu pemrosesan maksimal 3 (tiga) hari kerja.
[SOP_Pengisian_IRS | langkah 5] 5. Apabila mata kuliah dan jumlah SKS sudah sesuai, Pembimbing Akademik melakukan persetujuan secara online pada SIAP. Waktu: ±10 menit Output: Persetujuan Pembimbing Akademik melalui SIAP","","7a8181f0aaab804c","","","",""
