Pertanyaan,Jawaban,Sumber,Response Time (sec),Coverage
Bagaimana cara melakukan pengajuan cuti akademik?,"Untuk melakukan pengajuan cuti akademik, berikut langkah-langkah yang perlu Anda ikuti sesuai dengan SOP:

1. **Mengisi Form Cuti Akademik**: 
   - Unduh Form Cuti Akademik melalui link berikut: [Form Cuti Akademik](https://drive.google.com/file/d/1miPHNvRj6XO6LEhFCiC_QXcMtynCPWR2/edit).
   - Isi dan tandatangani form tersebut serta lampirkan dokumen persyaratan berupa:
     - Transkrip Akademik,
     - Bukti bayar SPP/UKT terakhir,
     - Fotokopi KTM,
     - Dokumen pendukung lainnya (jika ada).
   - Selain itu, lakukan pengisian data secara online melalui SIAP.

2. **Meminta Persetujuan Ketua Program Studi**:
   Bawa form yang sudah diisi kepada Ketua Program Studi untuk mendapatkan persetujuan dan tanda tangan.

3. **Menyerahkan Form ke Dekanat**:
   Serahkan Form Cuti Akademik yang sudah ditandatangani oleh Ketua Program Studi ke Dekan. Form selanjutnya akan didisposisikan ke Subbag Akademik dan Kemahasiswaan.

4. **Proses Pemeriksaan**:
   Subbag Akademik dan Kemahasiswaan akan memeriksa dan meneliti kelengkapan form. Jika sudah lengkap, form akan diproses lebih lanjut.

5. **Penandatanganan Surat Izin Dekan**:
   Dekan akan menandatangani Surat Izin Dekan, yang kemudian diproses oleh Subbag Sumber Daya untuk penomoran surat.

6. **Pengiriman Surat Izin Dekan**:
   Subbag Sumber Daya mengirimkan Surat Izin Dekan ke Subbag Akademik dan Kemahasiswaan, dengan tembusan kepada Dosen Wali dan Ketua Program Studi.

7. **Pembaruan Status Mahasiswa**:
   Subbag Akademik dan Kemahasiswaan mengupdate status mahasiswa di Sistem Akademik, mengarsipkan Surat Izin Dekan, dan mengirimkan surat tersebut kepada mahasiswa.

8. **Mengambil Surat Izin Dekan**:
   Mahasiswa dapat mengambil Surat Izin Dekan di loket akademik.

Waktu maksimal pemrosesan adalah 3 (tiga) hari kerja. Jika ada pertanyaan lain atau kesulitan dalam pengajuan, Anda dapat menghubungi Subbag Akademik dan Kemahasiswaan.",data\SOP_Izin_Cuti_Akademik.pdf:0:0; data\SOP_Permohonan_Izin_Aktif_Setelah_Cuti.pdf:0:0; data\SOP_Permohonan_Izin_Keterlambatan_Pembayaran_UKT.pdf:0:0,5.33,1
