metric,system,reference,n_pairs,mean_diff,median_diff,p_wilcoxon,p_holm,mean_diff_ci_lo,mean_diff_ci_hi
key_fact_recall,hybrid,naive,35,-0.02857142857142857,0.0,0.5273493798056788,1.0,-0.07142857142857142,0.0
key_fact_recall,graph,naive,35,-0.014285714285714285,0.0,0.7580259030047922,1.0,-0.07142857142857142,0.02857142857142857
key_fact_recall,agentic,naive,35,0.0,0.0,,,0.0,0.0
key_fact_recall,crag,naive,35,-0.14285714285714285,0.0,0.0287058028205725,0.11482321128229,-0.2476190476190476,-0.05476190476190476
key_fact_recall,multimodal,naive,35,-0.009523809523809525,0.0,0.7456027889274615,1.0,-0.02857142857142857,0.0
key_fact_recall,workflow,naive,35,0.24285714285714285,0.0,0.00886840225639661,0.05300035470818053,0.11428571428571428,0.380952380952381
key_fact_recall,llm_only,naive,35,-0.599047619047619,-0.75,1.9249898182626445e-06,1.3474928727838512e-05,-0.7314285714285714,-0.45857142857142846
key_fact_recall,full_context,naive,35,0.25,0.0,0.008833392451363421,0.05300035470818053,0.12142857142857143,0.4
rougeL,hybrid,naive,40,-0.023366616307469917,0.0,0.05142652649404231,0.30855915896425384,-0.04415815091479881,-0.0033009577148231657
rougeL,graph,naive,40,-0.035375416966535685,-0.005926912949950319,0.002014773318419581,0.014103413228937068,-0.060785398197918096,-0.013541079071999935
rougeL,agentic,naive,40,-0.011814272927007503,0.0,0.2749126771262016,1.0,-0.02884632519993963,0.0014568246546729456
rougeL,crag,naive,40,-0.028308112129305823,0.0,0.8346595158207228,1.0,-0.07507053272601803,0.009634415686413546
rougeL,multimodal,naive,40,-0.016974431532146887,0.0,0.13585493617159902,0.6792746808579951,-0.043347779230619395,0.005783640749929591
rougeL,workflow,naive,40,0.041999840116847494,-0.008252967076496448,0.6428449574240602,1.0,-0.009638004511771662,0.09759293336303394
rougeL,llm_only,naive,40,-0.25804525306480713,-0.28600206191160915,9.054929250851274e-09,7.243943400681019e-08,-0.3206545683565485,-0.1943697179132963
rougeL,full_context,naive,40,0.05058356944504901,0.0,0.31663928405843267,1.0,0.003855199919892458,0.1002547352564057
step_coverage,hybrid,naive,11,-0.015151515151515148,0.0,1.0,1.0,-0.04545454545454544,0.0
step_coverage,graph,naive,11,-0.03994490358126721,0.0,0.5,1.0,-0.09504132231404959,0.0
step_coverage,agentic,naive,11,-0.024793388429752063,0.0,1.0,1.0,-0.07438016528925619,0.0
step_coverage,crag,naive,11,-0.09090909090909091,0.0,1.0,1.0,-0.2727272727272727,0.0
step_coverage,multimodal,naive,11,-0.024793388429752063,0.0,1.0,1.0,-0.07438016528925619,0.0
step_coverage,workflow,naive,11,0.2727272727272727,0.0,0.25,1.0,0.0,0.5454545454545454
step_coverage,llm_only,naive,11,-0.6227272727272727,-1.0,0.0078125,0.0625,-0.8909659090909091,-0.31363636363636366
step_coverage,full_context,naive,11,0.21625344352617082,0.0,0.4375,1.0,-0.03856749311294765,0.5206611570247934
tir,hybrid,naive,8,0.0,0.0,,,0.0,0.0
tir,graph,naive,8,0.08333333333333333,0.0,1.0,1.0,0.0,0.25
tir,agentic,naive,8,0.0,0.0,,,0.0,0.0
tir,crag,naive,7,0.0,0.0,,,0.0,0.0
tir,multimodal,naive,8,0.0,0.0,,,0.0,0.0
tir,workflow,naive,8,0.0,0.0,,,0.0,0.0
tir,llm_only,naive,2,0.16666666666666666,0.16666666666666666,,,0.0,0.3333333333333333
tir,full_context,naive,8,0.0375,0.0,1.0,1.0,0.0,0.11249999999999999
amr,hybrid,naive,8,0.0,0.0,,,0.0,0.0
amr,graph,naive,8,0.0,0.0,,,0.0,0.0
amr,agentic,naive,8,0.0,0.0,,,0.0,0.0
amr,crag,naive,7,0.0,0.0,,,0.0,0.0
amr,multimodal,naive,8,0.0,0.0,,,0.0,0.0
amr,workflow,naive,8,0.0,0.0,,,0.0,0.0
amr,llm_only,naive,2,0.6666666666666666,0.6666666666666666,,,0.3333333333333333,1.0
amr,full_context,naive,8,0.0,0.0,,,0.0,0.0
key_fact_recall,naive,graph,35,0.014285714285714285,0.0,0.7580259030047922,1.0,-0.02857142857142857,0.07142857142857142
key_fact_recall,hybrid,graph,35,-0.014285714285714285,0.0,0.9926914319066392,1.0,-0.08571428571428572,0.04285714285714286
key_fact_recall,agentic,graph,35,0.014285714285714285,0.0,0.7580259030047922,1.0,-0.02857142857142857,0.07142857142857142
key_fact_recall,crag,graph,35,-0.12857142857142856,0.0,0.09556771175900211,0.4778385587950106,-0.24761904761904766,-0.02619047619047619
key_fact_recall,multimodal,graph,35,0.004761904761904761,0.0,0.9856864902294663,1.0,-0.04761904761904762,0.05714285714285714
key_fact_recall,workflow,graph,35,0.2571428571428571,0.0,0.0048603786742214125,0.03387080458370202,0.1333333333333333,0.3952380952380952
key_fact_recall,llm_only,graph,35,-0.5847619047619047,-0.6666666666666667,2.007027728841692e-06,1.6056221830733538e-05,-0.719047619047619,-0.4447500000000002
key_fact_recall,full_context,graph,35,0.2642857142857143,0.0,0.0048386863691002886,0.03387080458370202,0.1357142857142857,0.40714285714285714
rougeL,naive,graph,40,0.035375416966535685,0.005926912949950319,0.002014773318419581,0.014103413228937068,0.013541079071999928,0.060785398197918096
rougeL,hybrid,graph,40,0.012008800659065766,0.0,0.407566161596834,0.407566161596834,-0.008513070491575354,0.0338887444921322
rougeL,agentic,graph,40,0.023561144039528182,0.0008034894398530751,0.007684303972877427,0.03842151986438713,0.00889532738272262,0.041151593473205635
rougeL,crag,graph,40,0.007067304837229861,0.017091836734693864,0.0635986806820739,0.1907960420462217,-0.029126317503190738,0.03828381645907447
rougeL,multimodal,graph,40,0.01840098543438879,0.0,0.10103183666560187,0.20206367333120373,0.0011825563046691735,0.03811721749323971
rougeL,workflow,graph,40,0.07737525708338318,0.04340314238398377,0.007917965558590367,0.03842151986438713,0.031481408052629556,0.12727077990937707
rougeL,llm_only,graph,40,-0.2226698360982715,-0.22545670591647607,1.0437361197546124e-08,8.3498889580369e-08,-0.27724284082504935,-0.16684943877145084
rougeL,full_context,graph,40,0.0859589864115847,0.03493620995964014,0.002663118436564987,0.01597871061938992,0.04225787025299357,0.13221108496202671
step_coverage,naive,graph,11,0.03994490358126721,0.0,0.5,1.0,0.0,0.09504132231404959
step_coverage,hybrid,graph,11,0.024793388429752063,0.0,1.0,1.0,0.0,0.07438016528925619
step_coverage,agentic,graph,11,0.015151515151515148,0.0,1.0,1.0,0.0,0.04545454545454544
step_coverage,crag,graph,11,-0.0509641873278237,0.0,1.0,1.0,-0.22727272727272727,0.07438016528925619
step_coverage,multimodal,graph,11,0.015151515151515148,0.0,1.0,1.0,0.0,0.04545454545454544
step_coverage,workflow,graph,11,0.31267217630853994,0.0,0.0625,0.4375,0.07988980716253442,0.5853994490358126
step_coverage,llm_only,graph,11,-0.5827823691460056,-0.7272727272727273,0.0078125,0.0625,-0.8367768595041323,-0.28560606060606064
step_coverage,full_context,graph,11,0.25619834710743805,0.0,0.25,1.0,0.0,0.5289256198347108
tir,naive,graph,8,-0.08333333333333333,0.0,1.0,1.0,-0.25,0.0
tir,hybrid,graph,8,-0.08333333333333333,0.0,1.0,1.0,-0.25,0.0
tir,agentic,graph,8,-0.08333333333333333,0.0,1.0,1.0,-0.25,0.0
tir,crag,graph,7,-0.09523809523809523,0.0,1.0,1.0,-0.2857142857142857,0.0
tir,multimodal,graph,8,-0.08333333333333333,0.0,1.0,1.0,-0.25,0.0
tir,workflow,graph,8,-0.08333333333333333,0.0,1.0,1.0,-0.25,0.0
tir,llm_only,graph,2,0.16666666666666666,0.16666666666666666,,,0.0,0.3333333333333333
tir,full_context,graph,8,-0.04583333333333333,0.0,1.0,1.0,-0.25,0.11249999999999999
amr,naive,graph,8,0.0,0.0,,,0.0,0.0
amr,hybrid,graph,8,0.0,0.0,,,0.0,0.0
amr,agentic,graph,8,0.0,0.0,,,0.0,0.0
amr,crag,graph,7,0.0,0.0,,,0.0,0.0
amr,multimodal,graph,8,0.0,0.0,,,0.0,0.0
amr,workflow,graph,8,0.0,0.0,,,0.0,0.0
amr,llm_only,graph,2,0.6666666666666666,0.6666666666666666,,,0.3333333333333333,1.0
amr,full_context,graph,8,0.0,0.0,,,0.0,0.0
