id,SOP,pertanyaan,jawaban,fakta_tidak_didukung_pdf,skor_semantik_tertinggi_benchmark,id_soal_benchmark,keputusan,alasan
data/SOP_Izin_Cuti_Akademik.pdf:0:0,SOP_Izin_Cuti_Akademik.pdf,Berapa batas waktu pengerjaan pengurusan izin cuti akademik bagi mahasiswa FSM?,Total maksimal waktu pemrosesan izin cuti akademik adalah 3 (tiga) hari kerja.,Tidak ada,0.7298,CUTI-P1,pertahankan,Didukung langsung oleh overview dokumen PDF.
data/SOP_Izin_Cuti_Akademik.pdf:0:1,SOP_Izin_Cuti_Akademik.pdf,Sistem daring apa yang wajib diisi mahasiswa untuk pengajuan cuti akademik?,Mahasiswa wajib mengisi pengajuan secara online melalui sistem SIAP serta melampirkan berkas persyaratan pada formulir cuti.,Tidak ada,0.6585,AKT-T1,pertahankan,Sesuai dengan langkah 1 teks SOP.
data/SOP_Izin_Cuti_Akademik.pdf:0:2,SOP_Izin_Cuti_Akademik.pdf,Siapa pihak program studi yang dimintai persetujuan berkas cuti oleh mahasiswa?,Mahasiswa meminta persetujuan dan tanda tangan kepada Ketua Program Studi.,Tidak ada,0.6047,PROP-A1,pertahankan,Sesuai dengan langkah 2 teks SOP.
data/SOP_Izin_Cuti_Akademik.pdf:0:3,SOP_Izin_Cuti_Akademik.pdf,Apa tindak lanjut disposisi surat permohonan cuti setelah diajukan ke Dekan?,"Setelah berkas cuti diserahkan ke Dekan, kemudian dilakukan disposisi ke Subbag Akademik dan Kemahasiswaan.",Tidak ada,0.6653,CUTI-T1,tulis ulang,Ditulis ulang untuk menguji alur disposisi internal guna menurunkan kemiripan semantik dekat terhadap soal benchmark CUTI-A1.
data/SOP_Izin_Cuti_Akademik.pdf:0:4,SOP_Izin_Cuti_Akademik.pdf,Tindakan apa yang dilakukan Subbag Akademik dan Kemahasiswaan jika berkas persyaratan form cuti dinyatakan lengkap?,"Jika berkas persyaratan lengkap, form diberi paraf dan diproses lebih lanjut.",Klaim v2 sebelumnya bahwa Subbag Akademik 'menyusun konsep Surat Izin Cuti Akademik' tidak ada di PDF.,0.6327,X-1,tulis ulang,"Diperbaiki agar faktanya tepat sesuai kalimat langkah 4 PDF (hanya memeriksa kelengkapan, memberi paraf, dan memproses lebih lanjut)."
data/SOP_Izin_Cuti_Akademik.pdf:0:5,SOP_Izin_Cuti_Akademik.pdf,Siapakah pejabat yang berwenang menandatangani Surat Izin Dekan dalam pengajuan cuti?,Dekan menandatangani Surat Izin Dekan.,Klaim v2 sebelumnya tentang 'Supervisor Subbag Akademik dan Kemahasiswaan serta Manajer Bagian Tata Usaha memeriksa dan memberi paraf konsep surat' sama sekali tidak tercantum di PDF.,0.5747,X-2,tulis ulang,Diperbaiki agar merujuk ke langkah 5 PDF yang sahih (Dekan menandatangani Surat Izin Dekan).
data/SOP_Izin_Cuti_Akademik.pdf:0:6,SOP_Izin_Cuti_Akademik.pdf,Siapa saja pihak yang menerima salinan tembusan Surat Izin Dekan terkait cuti akademik?,Surat Izin Dekan diberikan dengan tembusan kepada Dosen Wali dan Ketua Program Studi.,Tidak ada,0.6344,X-2,pertahankan,Didukung persis oleh langkah 6 PDF.
data/SOP_Izin_Cuti_Akademik.pdf:0:7,SOP_Izin_Cuti_Akademik.pdf,Langkah administratif apa yang dilakukan Subbag Akademik setelah Surat Izin Dekan terbit?,"Subbag Akademik dan Kemahasiswaan mengupdate status mahasiswa di Sistem Akademik, mengarsipkan Surat Izin Dekan, dan mengirimkan kepada mahasiswa.",Tidak ada,0.6293,CUTI-T1,pertahankan,Sesuai persis langkah 7 teks PDF.
data/SOP_Izin_Cuti_Akademik.pdf:0:8,SOP_Izin_Cuti_Akademik.pdf,Di mana mahasiswa dapat mengambil Surat Izin Dekan yang telah selesai diproses?,Mahasiswa dapat mengambil Surat Izin Dekan di loket akademik.,Tidak ada,0.7030,CUTI-T1,pertahankan,Didukung persis oleh langkah 8 teks PDF.
data/SOP_Legalisir_Ijazah_Dan_Transkrip.pdf:0:0,SOP_Legalisir_Ijazah_Dan_Transkrip.pdf,Berapa lama durasi pemrosesan pengesahan berkas kelulusan alumni pada SOP Fakultas?,Total maksimal durasi pemrosesan pengesahan legalisir ijazah dan transkrip adalah 3 (tiga) hari kerja.,Tidak ada,0.7019,PROP-T1,tulis ulang,Diformulasikan ulang agar tidak memiliki kemiripan leksikal dengan soal benchmark NA-1.
data/SOP_Legalisir_Ijazah_Dan_Transkrip.pdf:0:1,SOP_Legalisir_Ijazah_Dan_Transkrip.pdf,Berkas kelengkapan apa yang diserahkan alumni saat mengajukan permohonan legalisir?,Alumni menyerahkan foto copy ijazah/transkrip nilai/sertifikat akreditasi program studi beserta surat aslinya kepada petugas Subbag Akademik dan Kemahasiswaan.,Tidak ada,0.7225,LEG-D1,pertahankan,Didukung langkah 1 PDF.
data/SOP_Legalisir_Ijazah_Dan_Transkrip.pdf:0:2,SOP_Legalisir_Ijazah_Dan_Transkrip.pdf,Apa tindakan petugas Subbag Akademik dalam memvalidasi berkas legalisir alumni?,"Petugas Subbag Akademik dan Kemahasiswaan memeriksa keabsahan, kesesuaian foto copy ijazah/transkrip nilai/sertifikat akreditasi program studi dengan surat aslinya dan memberikan cap.",Tidak ada,0.6364,LEG-P2,pertahankan,Didukung langkah 2 PDF.
data/SOP_Legalisir_Ijazah_Dan_Transkrip.pdf:0:3,SOP_Legalisir_Ijazah_Dan_Transkrip.pdf,Di sebelah bagian mana Supervisor Akademik membubuhkan paraf verifikasi legalisir?,Supervisor Akademik dan Kemahasiswaan memeriksa dan memberi paraf di samping kanan nama Dekan.,Tidak ada,0.5795,LEG-A1,pertahankan,Didukung langkah 3 PDF.
data/SOP_Legalisir_Ijazah_Dan_Transkrip.pdf:0:4,SOP_Legalisir_Ijazah_Dan_Transkrip.pdf,Rumusan kalimat apa yang tercantum pada pengesahan yang ditandatangani Dekan atau Wakil Dekan?,Dekan/Wakil Dekan Akademik dan Kemahasiswaan menandatangani pada “Pengesahan Telah diperiksa Kebenarannya dan Sesuai dengan Aslinya”.,Tidak ada,0.3655,LEG-T1,pertahankan,Didukung langkah 4 PDF.
data/SOP_Legalisir_Ijazah_Dan_Transkrip.pdf:0:5,SOP_Legalisir_Ijazah_Dan_Transkrip.pdf,Cap stempel apa yang dibubuhkan petugas setelah berkas legalisir ditandatangani Dekan?,Petugas Subbag Akademik dan Kemahasiswaan memberikan stempel Fakultas Sains dan Matematika.,Tidak ada,0.4020,LEG-T1,pertahankan,Didukung langkah 5 PDF.
data/SOP_Legalisir_Ijazah_Dan_Transkrip.pdf:0:6,SOP_Legalisir_Ijazah_Dan_Transkrip.pdf,Prosedur apa yang harus dipenuhi pemohon saat mengambil berkas legalisir yang telah rampung?,Alumni mengambil Legalisir di Subbag Akademik dan Kemahasiswaan dengan membawa aslinya dan menulis di buku pengambilan dan di tanda tangani ybs.,Tidak ada,0.6758,LEG-D1,pertahankan,Didukung langkah 6 PDF.
data/SOP_Pengajuan_Proposal_Kegiatan_Organisasi_Mahasiswa.pdf:0:0,SOP_Pengajuan_Proposal_Kegiatan_Organisasi_Mahasiswa.pdf,Berapa alokasi batas waktu penyelesaian pengajuan usulan kegiatan ormawa di fakultas?,Total durasi maksimal pemrosesan usulan proposal kegiatan organisasi mahasiswa adalah 3 (tiga) hari kerja.,Tidak ada,0.7008,PROP-T1,pertahankan,Didukung overview PDF.
data/SOP_Pengajuan_Proposal_Kegiatan_Organisasi_Mahasiswa.pdf:0:1,SOP_Pengajuan_Proposal_Kegiatan_Organisasi_Mahasiswa.pdf,Kapan alokasi ruangan diproses saat penyerahan proposal kegiatan himpunan atau ormawa?,Mahasiswa menyerahkan proposal ke petugas kemahasiswaan dan Supervisor Akademik untuk registrasi dan alokasi ruang (jika kegiatan di FSM).,Tidak ada,0.4571,PROP-P1,pertahankan,Didukung langkah 1 PDF.
data/SOP_Pengajuan_Proposal_Kegiatan_Organisasi_Mahasiswa.pdf:0:2,SOP_Pengajuan_Proposal_Kegiatan_Organisasi_Mahasiswa.pdf,Apa fokus verifikasi yang dijalankan Supervisor Akademik terhadap proposal kemahasiswaan?,Supervisor Akademik dan Kemahasiswaan meneliti dan memverifikasi proposal kegiatan yang diajukan agar sesuai peraturan dan memberikan paraf.,Tidak ada,0.5756,PROP-A1,pertahankan,Didukung langkah 2 PDF.
data/SOP_Pengajuan_Proposal_Kegiatan_Organisasi_Mahasiswa.pdf:0:3,SOP_Pengajuan_Proposal_Kegiatan_Organisasi_Mahasiswa.pdf,Pejabat pimpinan mana yang bertanggung jawab menelaah kelayakan materi proposal kegiatan ormawa?,Wakil Dekan Akademik dan Kemahasiswaan mengevaluasi substansi proposal kegiatan.,Tidak ada,0.5683,PROP-A1,pertahankan,Didukung langkah 3 PDF.
data/SOP_Pengajuan_Proposal_Kegiatan_Organisasi_Mahasiswa.pdf:0:4,SOP_Pengajuan_Proposal_Kegiatan_Organisasi_Mahasiswa.pdf,Langkah validasi akhir apa yang dilakukan oleh pimpinan fakultas pada lembar usulan ormawa?,Pengesahan Wakil Dekan Akademik dan Kemahasiswaan.,Tidak ada,0.5669,PROP-A1,pertahankan,Didukung langkah 4 PDF.
data/SOP_Pengajuan_Proposal_Kegiatan_Organisasi_Mahasiswa.pdf:0:5,SOP_Pengajuan_Proposal_Kegiatan_Organisasi_Mahasiswa.pdf,Bagaimana tahapan akhir penyerahan berkas proposal ormawa yang telah divalidasi pimpinan?,Mahasiswa mengambil proposal yang telah disetujui.,Tidak ada,0.5255,PROP-T1,pertahankan,Didukung langkah 5 PDF.
data/SOP_Pengajuan_Rekomendasi_Beasiswa.pdf:0:0,SOP_Pengajuan_Rekomendasi_Beasiswa.pdf,Berapa estimasi waktu yang dialokasikan bagi mahasiswa untuk mendownload dan mengisi formulir beasiswa?,Waktu untuk mendownload dan mengisi formulir/Surat Rekomendasi Pengajuan Beasiswa adalah ±30 menit.,Tidak ada,0.7518,BEA-T1,tulis ulang,Diubah fokusnya ke durasi langkah 1 agar tidak menyerupai pertanyaan total durasi benchmark BEA-T1.
data/SOP_Pengajuan_Rekomendasi_Beasiswa.pdf:0:1,SOP_Pengajuan_Rekomendasi_Beasiswa.pdf,Formulir apa dan berkas nilai apa yang wajib disiapkan pemohon rekomendasi beasiswa fakultas?,Dokumen yang dibutuhkan adalah Surat Rekomendasi Beasiswa dan KHS yang dilegalisir.,Tidak ada,0.7963,BEA-D1,pertahankan,Didukung langkah 1 PDF.
data/SOP_Pengajuan_Rekomendasi_Beasiswa.pdf:0:2,SOP_Pengajuan_Rekomendasi_Beasiswa.pdf,Berapa alokasi durasi verifikasi berkas permohonan beasiswa oleh staf BAK Fakultas?,BAK Fakultas meneliti dan memverifikasi Surat Rekomendasi Pengajuan Beasiswa dalam waktu ±1 hari.,Tidak ada,0.6691,BEA-T1,pertahankan,Didukung langkah 2 PDF.
data/SOP_Pengajuan_Rekomendasi_Beasiswa.pdf:0:3,SOP_Pengajuan_Rekomendasi_Beasiswa.pdf,Apa tanda administratif yang dibubuhkan staf BAK pada draf surat rekomendasi beasiswa?,BAK Fakultas memberikan paraf dan nomor surat pada Surat Rekomendasi Pengajuan Beasiswa tersebut.,Tidak ada,0.6196,BEA-P1,pertahankan,Didukung langkah 3 PDF.
data/SOP_Pengajuan_Rekomendasi_Beasiswa.pdf:0:4,SOP_Pengajuan_Rekomendasi_Beasiswa.pdf,Siapakah pejabat dekanat yang berwenang membubuhkan tanda tangan pada Surat Rekomendasi Pengajuan Beasiswa?,Wakil Dekan Akademik dan Kemahasiswaan memberikan tanda tangan pada Surat Rekomendasi Pengajuan Beasiswa tersebut.,Tidak ada,0.6571,BEA-A1,tulis ulang,Diubah fokus pertanyaannya dari estimasi durasi penandatanganan (yang mirip BEA-T1) menjadi pejabat penandatangan.
data/SOP_Pengajuan_Rekomendasi_Beasiswa.pdf:0:5,SOP_Pengajuan_Rekomendasi_Beasiswa.pdf,Prosedur apa yang wajib dilakukan mahasiswa pada saat menerima surat rekomendasi beasiswa dari BAK?,Mahasiswa mengambil surat tersebut di BAK Fakultas dan mencatat bukti pengambilan.,Tidak ada,0.7436,BEA-P1,pertahankan,Didukung langkah 5 PDF.
data/SOP_Pengisian_IRS.pdf:0:0,SOP_Pengisian_IRS.pdf,Berapa hari rentang waktu maksimal yang dialokasikan untuk menyelesaikan seluruh rangkaian IRS mahasiswa?,Total maksimal waktu pemrosesan pengisian Isian Rencana Studi (IRS) adalah 3 (tiga) hari kerja.,Tidak ada,0.7214,PROP-T1,pertahankan,Didukung overview PDF.
data/SOP_Pengisian_IRS.pdf:0:1,SOP_Pengisian_IRS.pdf,Apa output bukti pembayaran yang diperoleh mahasiswa pada langkah awal pengisian IRS?,Output yang didapatkan adalah Bukti Pembayaran SPP/UKT.,Tidak ada,0.6305,IRS-T1,pertahankan,Didukung langkah 1 PDF.
data/SOP_Pengisian_IRS.pdf:0:2,SOP_Pengisian_IRS.pdf,Apa tahap registrasi ulang yang wajib diselesaikan setelah melunasi biaya pendidikan semesteran?,Mahasiswa melakukan her-registrasi online melalui SIAP.,Tidak ada,0.6806,IRS-T1,pertahankan,Didukung langkah 2 PDF.
data/SOP_Pengisian_IRS.pdf:0:3,SOP_Pengisian_IRS.pdf,Aktivitas penyusunan jadwal kuliah apa saja yang dapat dilakukan mahasiswa pada aplikasi SIAP?,"Mahasiswa melakukan pengisian, perbaikan, atau mencetak IRS sementara secara online melalui SIAP.",Tidak ada,0.5290,AKT-P1,pertahankan,Didukung langkah 3 PDF.
data/SOP_Pengisian_IRS.pdf:0:4,SOP_Pengisian_IRS.pdf,Aspek apa yang dievaluasi Pembimbing Akademik saat sesi bimbingan konsultasi mata kuliah mahasiswa?,Pembimbing memberikan arahan dengan mempertimbangkan ketentuan jumlah SKS maksimal pada semester terkait.,Tidak ada,0.3990,PROP-A1,pertahankan,Didukung langkah 4 PDF.
data/SOP_Pengisian_IRS.pdf:0:5,SOP_Pengisian_IRS.pdf,Bagaimana mekanisme persetujuan IRS oleh Pembimbing Akademik apabila susunan mata kuliah telah sesuai?,Pembimbing Akademik melakukan persetujuan secara online pada SIAP.,Tidak ada,0.6243,IRS-A1,pertahankan,Didukung langkah 5 PDF.
data/SOP_Pengisian_IRS.pdf:0:6,SOP_Pengisian_IRS.pdf,Bagaimana cara mahasiswa memastikan bahwa IRS semesterannya telah sah dan terekam di sistem?,Mahasiswa dapat melakukan pengecekan IRS online di sistem SIAP bila diperlukan.,Tidak ada,0.6688,IRS-T1,pertahankan,Didukung langkah 6 PDF.
data/SOP_Permohonan_Izin_Aktif_Setelah_Cuti.pdf:0:0,SOP_Permohonan_Izin_Aktif_Setelah_Cuti.pdf,Apa tujuan utama dari diterbitkannya SOP Permohonan Izin Aktif Setelah Cuti?,Dokumen ini berisi langkah -langkah yang dapat diikuti untuk dapat memperoleh izin aktif setelah cuti.,Tidak ada,0.4653,CUTI-A1,pertahankan,Didukung overview PDF.
data/SOP_Permohonan_Izin_Aktif_Setelah_Cuti.pdf:0:1,SOP_Permohonan_Izin_Aktif_Setelah_Cuti.pdf,Surat Izin Cuti dan fotokopi KTM diserahkan pemohon kepada pihak mana pada tahapan pelaporan awal kembali kuliah?,Mahasiswa membawa surat izin cuti akademik dan fotokopi KTM melapor kepada Ketua Program Studi dan Subbag Akademik dan Kemahasiswaan.,Tidak ada,0.6327,X-2,tulis ulang,Diformulasikan ulang pada tujuan penyerahan berkas agar tidak memiliki kemiripan leksikal dengan soal benchmark AKT-D1.
data/SOP_Permohonan_Izin_Aktif_Setelah_Cuti.pdf:0:2,SOP_Permohonan_Izin_Aktif_Setelah_Cuti.pdf,Sistem portal apa yang digunakan mahasiswa saat melakukan pendaftaran registrasi online pasca masa istirahat studi?,Mahasiswa melakukan registrasi online pada SSO masing-masing mahasiswa.,Tidak ada,0.6462,AKT-T1,tulis ulang,Diformulasikan ulang agar tidak memiliki kemiripan leksikal dengan soal benchmark AKT-D1.
data/SOP_Permohonan_Izin_Aktif_Setelah_Cuti.pdf:0:3,SOP_Permohonan_Izin_Aktif_Setelah_Cuti.pdf,Status kemahasiswaan apa yang diperoleh setelah seluruh alur lapor aktif pasca-cuti terpenuhi?,Mahasiswa terdaftar sebagai Peserta Kuliah / Mahasiswa Aktif di Fakuktas.,Tidak ada,0.4411,AKT-D1,pertahankan,Didukung langkah 3 PDF.
data/SOP_Permohonan_Izin_Keterlambatan_Pembayaran_UKT.pdf:0:0,SOP_Permohonan_Izin_Keterlambatan_Pembayaran_UKT.pdf,Berapa alokasi masa kerja yang disediakan fakultas untuk memproses izin keterlambatan pembayaran UKT?,Total batas waktu pemrosesan permohonan keterlambatan pembayaran UKT adalah maksimal 3 (tiga) hari kerja.,Tidak ada,0.5957,UKT-P1,pertahankan,Didukung overview PDF.
data/SOP_Permohonan_Izin_Keterlambatan_Pembayaran_UKT.pdf:0:1,SOP_Permohonan_Izin_Keterlambatan_Pembayaran_UKT.pdf,Tindakan awal apa yang harus dikerjakan mahasiswa saat menyusun permohonan keterlambatan UKT?,"Mahasiswa mengunduh, mengisi, dan menandatangani Form Permohonan Keterlambatan Pembayaran UKT serta melampirkan persyaratan.",Tidak ada,0.6562,UKT-P1,pertahankan,Didukung langkah 1 PDF.
data/SOP_Permohonan_Izin_Keterlambatan_Pembayaran_UKT.pdf:0:2,SOP_Permohonan_Izin_Keterlambatan_Pembayaran_UKT.pdf,Siapa dua pihak akademik di tingkat departemen yang wajib membubuhkan persetujuan pada form keterlambatan UKT?,Mahasiswa meminta tanda tangan dosen wali serta persetujuan dan tanda tangan Ketua Program Studi.,Tidak ada,0.7354,UKT-A1,pertahankan,Didukung langkah 2 PDF.
data/SOP_Permohonan_Izin_Keterlambatan_Pembayaran_UKT.pdf:0:3,SOP_Permohonan_Izin_Keterlambatan_Pembayaran_UKT.pdf,Kepada staf pengelola sarana mana berkas keterlambatan UKT diserahkan setelah ditandatangani departemen?,Mahasiswa menyerahkan Form Permohonan Keterlambatan UKT yang telah ditandatangani dan disetujui kepada Supervisor Sumber Daya.,Tidak ada,0.6065,UKT-A1,pertahankan,Didukung langkah 3 PDF.
data/SOP_Permohonan_Izin_Keterlambatan_Pembayaran_UKT.pdf:0:4,SOP_Permohonan_Izin_Keterlambatan_Pembayaran_UKT.pdf,Pimpinan dekanat mana yang memproses permohonan Surat Izin Keterlambatan Pembayaran UKT di fakultas?,Wakil Dekan Sumber Daya memproses Surat Permohonan Izin Keterlambatan Pembayaran UKT.,Tidak ada,0.6991,UKT-T1,pertahankan,Didukung langkah 5 PDF.
data/SOP_Permohonan_Izin_Keterlambatan_Pembayaran_UKT.pdf:0:5,SOP_Permohonan_Izin_Keterlambatan_Pembayaran_UKT.pdf,Siapa pejabat berwenang di tingkat fakultas yang menandatangani Surat Permohonan Izin Keterlambatan Pembayaran UKT?,Wakil Dekan Sumber Daya menandatangani Surat Permohonan Izin Keterlambatan Pembayaran UKT.,Tidak ada,0.8193,UKT-A1,pertahankan,Didukung langkah 6 PDF.
data/SOP_Permohonan_Izin_Keterlambatan_Pembayaran_UKT.pdf:0:6,SOP_Permohonan_Izin_Keterlambatan_Pembayaran_UKT.pdf,Unit kerja mana di fakultas yang menyelesaikan pemrosesan administratif surat keterlambatan UKT?,Subbag Sumber Daya memproses Surat Permohonan Keterlambatan Pembayaran UKT.,Tidak ada,0.7093,UKT-A1,pertahankan,Didukung langkah 7 PDF.
data/SOP_Permohonan_Izin_Keterlambatan_Pembayaran_UKT.pdf:0:7,SOP_Permohonan_Izin_Keterlambatan_Pembayaran_UKT.pdf,Lewat perantara manajer apa berkas izin keterlambatan UKT diserahkan ke tingkat universitas?,Mahasiswa membawa Surat Permohonan Keterlambatan Pembayaran UKT kepada Wakil Rektor II melalui Manajer Akademik.,Tidak ada,0.7564,UKT-A1,pertahankan,Didukung langkah 8 PDF.
data/SOP_Permohonan_Izin_Keterlambatan_Pembayaran_UKT.pdf:0:8,SOP_Permohonan_Izin_Keterlambatan_Pembayaran_UKT.pdf,Ke direktorat mana pimpinan universitas mendisposisikan surat permohonan pembayaran UKT?,Wakil Rektor II mendisposisikan ke Direktorat Keuangan untuk memproses pembayaran UKT.,Tidak ada,0.7925,UKT-T1,pertahankan,Didukung langkah 9 PDF.
data/SOP_Permohonan_Izin_Keterlambatan_Pembayaran_UKT.pdf:0:9,SOP_Permohonan_Izin_Keterlambatan_Pembayaran_UKT.pdf,Petugas keuangan mana yang memiliki otorisasi untuk membuka kembali sistem pembayaran mahasiswa?,Bendahara Penerimaan UKT membuka sistem pembayaran mahasiswa.,Tidak ada,0.6000,UKT-T1,pertahankan,Didukung langkah 10 PDF.
data/SOP_Permohonan_Izin_Keterlambatan_Pembayaran_UKT.pdf:0:10,SOP_Permohonan_Izin_Keterlambatan_Pembayaran_UKT.pdf,Tindakan penutup apa yang dilakukan mahasiswa setelah sistem billing UKT dibuka kembali?,Mahasiswa membayar biaya UKT ke bank.,Tidak ada,0.6209,UKT-T1,pertahankan,Didukung langkah 11 PDF.
