"system","qid","step_n","gold_actor","gold_also_ok","gold_keywords","matched_unit","detected","actor_status","actors_found","human_detected (y/n)","human_actor_status (correct/mismatch/unattributed)","catatan"
"graph","BEA-P1","3","Subbag Akademik","","paraf*,diparaf | nomor*,penomoran","Pemberian Paraf dan Nomor Surat oleh BAK Fakultas: BAK Fakultas memberikan paraf dan nomor surat pada Surat Rekomendasi Pengajuan Beasiswa tersebut.","True","correct","Subbag Akademik","y","correct",""
"naive","BEA-P1","3","Subbag Akademik","","paraf*,diparaf | nomor*,penomoran","Pemberian Paraf dan Nomor Surat: BAK Fakultas memberikan paraf dan nomor surat pada Surat Rekomendasi Pengajuan Beasiswa tersebut.","True","correct","Subbag Akademik","y","correct",""
"workflow","BEA-P1","1","Mahasiswa","Subbag Akademik","unduh*,mengunduh*,download*,mendownload* | formulir*,form* | khs | legalisir*,dilegalisir","Aksi: Mendownload dan mengisi formulir/Surat Rekomendasi Pengajuan Beasiswa ke Subbag Akademik dan Kemahasiswaan (BAK) Fakultas.","True","correct","Mahasiswa;Subbag Akademik","y","correct",""
"workflow","BEA-P1","5","Mahasiswa","Subbag Akademik","ambil*,mengambil,diambil | bukti pengambilan,mencatat,catat*,dicatat","Aksi: Mengambil surat tersebut di BAK Fakultas dan mencatat bukti pengambilan.","True","correct","Mahasiswa;Subbag Akademik","y","correct",""
"graph","CUTI-P1","1","Mahasiswa","","unduh*,mengunduh*,download*,mendownload* | form*,formulir* | siap | lampir*,melampirkan*,persyaratan","Tindakan: Mahasiswa mengunduh, mengisi, dan menandatangani Form Cuti Akademik serta mengisi secara online melalui SIAP.","True","correct","Mahasiswa","y","correct",""
"graph","CUTI-P1","7","Subbag Akademik","Mahasiswa","status | update*,mengupdate,memperbarui,diperbarui,pembaruan | arsip*,mengarsipkan,diarsipkan | sistem akademik,sistem informasi akademik","Tindakan: Subbag Akademik dan Kemahasiswaan mengupdate status mahasiswa di Sistem Akademik, mengarsipkan Surat Izin Dekan, dan mengirimkan Surat Izin Dekan kepada mahasiswa.","True","correct","Mahasiswa;Subbag Akademik","y","correct",""
"naive","CUTI-P1","2","Ketua Program Studi","Mahasiswa","persetujuan,menyetujui,disetujui | ketua program studi,kaprodi,ketua prodi | tanda tangan,tandatangan,menandatangani,ditandatangani,ttd","Tindakan: Mahasiswa meminta persetujuan dan tanda tangan Ketua Program Studi.","True","correct","Ketua Program Studi;Mahasiswa","y","correct",""
"naive","CUTI-P1","4","Subbag Akademik","Mahasiswa","memeriksa,periksa,diperiksa,meneliti,diteliti,verifikasi*,memverifikasi | kelengkapan,lengkap | paraf*,diparaf","Tindakan: Subbag Akademik dan Kemahasiswaan menerima, memeriksa, dan meneliti kelengkapan persyaratan form cuti akademik.","True","correct","Subbag Akademik","y","correct",""
"naive","CUTI-P1","5","Dekan","","surat izin dekan,surat izin | menandatangani,tanda tangan,tandatangan,ditandatangani,ttd","Tindakan: Dekan menandatangani Surat Izin Dekan.","True","correct","Dekan","y","correct",""
"workflow","CUTI-P1","3","Mahasiswa","Dekan;Subbag Akademik;Ketua Program Studi","serah*,menyerahkan*,diserahkan | dekan | disposisi*,didisposisikan,mendisposisikan","Mahasiswa menyerahkan Form Cuti Akademik yang telah ditandatangani Ketua Program Studi kepada Dekan.","True","correct","Dekan;Ketua Program Studi;Mahasiswa","y","correct",""
"graph","CUTI-P1","6","Subbag Sumber Daya","Subbag Akademik;Dosen Wali;Ketua Program Studi","nomor*,penomoran | tembusan | subbag sumber daya,subbagian sumber daya,bagian sumber daya","Tindakan: Subbag Sumber Daya memberi nomor surat dan mengirimkannya ke Subbag Akademik dan Kemahasiswaan dengan tembusan ke Dosen Wali dan Ketua Program Studi.","True","correct","Dosen Wali;Ketua Program Studi;Subbag Akademik;Subbag Sumber Daya","y","correct",""
"workflow","CUTI-P1","6","Subbag Sumber Daya","Subbag Akademik;Dosen Wali;Ketua Program Studi","nomor*,penomoran | tembusan | subbag sumber daya,subbagian sumber daya,bagian sumber daya","Subbag Sumber Daya memberi nomor surat dan mengirimkannya ke Subbag Akademik dan Kemahasiswaan dengan tembusan ke Dosen Wali dan Ketua Program Studi.","True","correct","Dosen Wali;Ketua Program Studi;Subbag Akademik;Subbag Sumber Daya","y","correct",""
"naive","CUTI-P2","4","Subbag Akademik","Mahasiswa","memeriksa,periksa,diperiksa,meneliti,diteliti,verifikasi*,memverifikasi | kelengkapan,lengkap | paraf*,diparaf","","False","not_detected","","y","correct",""
"naive","CUTI-P2","5","Dekan","","surat izin dekan,surat izin | menandatangani,tanda tangan,tandatangan,ditandatangani,ttd","","False","not_detected","","y","correct",""
"naive","CUTI-P2","6","Subbag Sumber Daya","Subbag Akademik;Dosen Wali;Ketua Program Studi","nomor*,penomoran | tembusan | subbag sumber daya,subbagian sumber daya,bagian sumber daya","","False","not_detected","","y","correct",""
"naive","CUTI-P2","7","Subbag Akademik","Mahasiswa","status | update*,mengupdate,memperbarui,diperbarui,pembaruan | arsip*,mengarsipkan,diarsipkan | sistem akademik,sistem informasi akademik","","False","not_detected","","y","correct",""
"workflow","CUTI-P2","1","Mahasiswa","","unduh*,mengunduh*,download*,mendownload* | form*,formulir* | siap | lampir*,melampirkan*,persyaratan","Mengunduh dan Mengisi Form: Anda harus mengunduh, mengisi, dan menandatangani Form Cuti Akademik serta melampirkan semua persyaratan yang dibutuhkan.","True","correct","Alumni(generic);Mahasiswa(generic)","y","correct",""
"workflow","CUTI-P2","3","Mahasiswa","Dekan;Subbag Akademik;Ketua Program Studi","serah*,menyerahkan*,diserahkan | dekan | disposisi*,didisposisikan,mendisposisikan","Penyerahan ke Dekan: Anda menyerahkan Form Cuti Akademik yang telah ditandatangani Ketua Program Studi kepada Dekan.","True","correct","Alumni(generic);Dekan;Ketua Program Studi;Mahasiswa(generic)","y","correct",""
"workflow","CUTI-P2","7","Subbag Akademik","Mahasiswa","status | update*,mengupdate,memperbarui,diperbarui,pembaruan | arsip*,mengarsipkan,diarsipkan | sistem akademik,sistem informasi akademik","Pengarsipan dan Pemberitahuan: Subbag Akademik dan Kemahasiswaan akan meng- update status mahasiswa di Sistem Akademik, mengarsipkan Surat Izin Dekan, dan mengirimkan Surat Izin Dekan kepada Anda.","True","correct","Alumni(generic);Mahasiswa;Subbag Akademik","y","correct",""
"workflow","CUTI-P2","8","Mahasiswa","Subbag Akademik","loket* | ambil*,mengambil,diambil","Pengambilan Surat Izin: Anda dapat mengambil Surat Izin Dekan di loket akademik.","True","correct","Alumni(generic);Mahasiswa(generic)","y","correct",""
"graph","IRS-P1","6","Mahasiswa","","pengecekan,mengecek,cek,dicek","","False","not_detected","","n","","di step 6 tertulis Mahasiswa dapat melakukan pengecekan IRS online di sistem SIAP bila diperlukan.
Waktu: ±10 menit
Output: File IRS SIAP. aku bingung ini termasuk y/n correct or mismatch or unattributed"
"naive","IRS-P1","1","Mahasiswa","","bayar*,membayar,pembayaran,dibayar | bank,bni,mandiri,btn,bri | biaya pendidikan,ukt,spp","Mahasiswa membayar biaya pendidikan pada bank yang bekerja sama dengan Undip (BNI, Mandiri, BTN, dan BRI).","True","correct","Mahasiswa","y","correct",""
"workflow","IRS-P1","5","Dosen Wali","","persetujuan,menyetujui,disetujui,approve* | online,daring","Persetujuan Pembimbing Akademik: Apabila mata kuliah dan jumlah SKS sudah sesuai, Pembimbing Akademik melakukan persetujuan secara online pada SIAP.","True","correct","Dosen Wali","y","correct",""
"graph","IRS-P2","5","Dosen Wali","","persetujuan,menyetujui,disetujui,approve* | online,daring","","False","not_detected","","y","correct",""
"naive","IRS-P2","2","Mahasiswa","","her-registrasi,herregistrasi,her registrasi,registrasi ulang,daftar ulang,registrasi","","False","not_detected","","y","correct",""
"workflow","IRS-P2","1","Mahasiswa","","bayar*,membayar,pembayaran,dibayar | bank,bni,mandiri,btn,bri | biaya pendidikan,ukt,spp","Pembayaran Biaya Pendidikan: Mahasiswa membayar biaya pendidikan pada bank yang bekerja sama dengan Undip (BNI, Mandiri, BTN, dan BRI).","True","correct","Mahasiswa","y","correct",""
"workflow","IRS-P2","3","Mahasiswa","","irs sementara | mengisi,pengisian,isi,perbaikan,mencetak,cetak | siap","Pengisian IRS Sementara: Mahasiswa melakukan pengisian, perbaikan, atau mencetak IRS sementara secara online melalui SIAP.","True","correct","Mahasiswa","y","correct",""
"workflow","IRS-P2","5","Dosen Wali","","persetujuan,menyetujui,disetujui,approve* | online,daring","Persetujuan Pembimbing Akademik: Apabila mata kuliah dan jumlah SKS sudah sesuai, Pembimbing Akademik melakukan persetujuan secara online pada SIAP.","True","correct","Dosen Wali","y","correct",""
"workflow","IRS-P2","6","Mahasiswa","","pengecekan,mengecek,cek,dicek","Pengecekan IRS (Opsional): Mahasiswa dapat melakukan pengecekan IRS online di sistem SIAP bila diperlukan.","True","correct","Mahasiswa","y","correct",""
"graph","LEG-P1","4","Dekan;Wakil Dekan Akademik","","menandatangani,tanda tangan,tandatangan,ditandatangani,ttd | pengesahan,sesuai dengan aslinya,diperiksa kebenarannya","Tahapan: Dekan/Wakil Dekan Akademik dan Kemahasiswaan menandatangani pada “Pengesahan Telah diperiksa Kebenarannya dan Sesuai dengan Aslinya”.","True","correct","Dekan;Wakil Dekan Akademik","y","correct",""
"graph","LEG-P1","5","Subbag Akademik","Dekan;Wakil Dekan Akademik","stempel*,distempel","Pemberian Stempel Fakultas:","True","unattributed","","y","correct",""
"graph","LEG-P1","6","Alumni","Subbag Akademik;Mahasiswa","buku pengambilan | ambil*,mengambil,diambil","Tahapan: Alumni mengambil Legalisir di Subbagian Akademik dan Kemahasiswaan dengan membawa aslinya dan menulis di buku pengambilan serta menandatangani ybs.","True","correct","Alumni;Subbag Akademik","y","correct",""
"naive","LEG-P1","2","Subbag Akademik","","keabsahan,kesesuaian,mencocokkan,mencocokan,dicocokkan,dicocokan | cap","Pemeriksaan Awal: Petugas Subbag Akademik dan Kemahasiswaan memeriksa keabsahan, kesesuaian foto copy ijazah/transkrip nilai/sertifikat akreditasi program studi dengan surat aslinya, dan memberikan ca","True","correct","Subbag Akademik","y","correct",""
"workflow","LEG-P1","3","Supervisor Akademik","Dekan","supervisor* | paraf*,diparaf","| 3 | Supervisor Akademik dan Kemahasiswaan | Memeriksa dan memberi paraf di samping kanan nama Dekan. | Paraf Supervisor Akademik dan Kemahasiswaan | ±15 menit |","True","correct","Dekan;Supervisor Akademik","y","correct",""
"graph","LEG-P2","1","Alumni","Subbag Akademik;Mahasiswa","fotokopi*,foto copy,fotocopy,salinan | serah*,menyerahkan*,diserahkan | asli*,aslinya","Penyerahan Dokumen: Alumni menyerahkan foto copy ijazah/transkrip nilai/sertifikat akreditasi program studi beserta surat aslinya kepada petugas Subbagian Akademik dan Kemahasiswaan.","True","correct","Alumni;Subbag Akademik","y","correct",""
"graph","LEG-P2","3","Supervisor Akademik","Dekan","supervisor* | paraf*,diparaf","Paraf Supervisor: Supervisor Akademik dan Kemahasiswaan memeriksa dan memberi paraf di samping kanan nama Dekan.","True","correct","Dekan;Supervisor Akademik","y","correct",""
"graph","LEG-P2","6","Alumni","Subbag Akademik;Mahasiswa","buku pengambilan | ambil*,mengambil,diambil","Pengambilan Legalisir: Alumni mengambil Legalisir di Subbagian Akademik dan Kemahasiswaan dengan membawa dokumen asli dan menulis di buku pengambilan serta menandatangani ybs.","True","correct","Alumni;Subbag Akademik","y","correct",""
"workflow","LEG-P2","3","Supervisor Akademik","Dekan","supervisor* | paraf*,diparaf","Supervisor Akademik dan Kemahasiswaan memeriksa dan memberi paraf di samping kanan nama Dekan.","True","correct","Dekan;Supervisor Akademik","y","correct",""
"graph","PROP-P1","1","Mahasiswa","Petugas Kemahasiswaan;Supervisor Akademik","serah*,menyerahkan*,diserahkan,mengajukan,ajukan | registrasi | alokasi ruang,ruang*","Penyerahan Proposal: Mahasiswa menyerahkan proposal kegiatan organisasi kepada petugas kemahasiswaan dan Supervisor Akademik untuk registrasi dan alokasi ruang (jika kegiatan dilaksanakan di FSM).","True","correct","Mahasiswa;Petugas Kemahasiswaan;Supervisor Akademik","y","correct",""
"naive","PROP-P1","1","Mahasiswa","Petugas Kemahasiswaan;Supervisor Akademik","serah*,menyerahkan*,diserahkan,mengajukan,ajukan | registrasi | alokasi ruang,ruang*","Penyerahan Proposal: Mahasiswa menyerahkan proposal kegiatan organisasi kepada petugas kemahasiswaan dan Supervisor Akademik untuk registrasi dan alokasi ruang (jika kegiatan dilaksanakan di FSM).","True","correct","Mahasiswa;Petugas Kemahasiswaan;Supervisor Akademik","y","correct",""
"naive","PROP-P1","4","Wakil Dekan Akademik","","pengesahan*,mengesahkan,disahkan","Pengesahan: Dilanjutkan dengan pengesahan oleh Wakil Dekan Akademik dan Kemahasiswaan.","True","correct","Wakil Dekan Akademik","y","correct",""
"naive","PROP-P1","5","Mahasiswa","","ambil*,mengambil,diambil | disetujui,telah disetujui","Pengambilan Proposal: Mahasiswa mengambil proposal yang telah disetujui.","True","correct","Mahasiswa","y","correct",""
"graph","UKT-P1","1","Mahasiswa","","unduh*,mengunduh*,download*,mendownload* | form*,formulir* | lampir*,melampirkan*,persyaratan","Tindakan: Mengunduh, mengisi, dan menandatangani Form Permohonan Keterlambatan Pembayaran UKT serta melampirkan persyaratan.","True","unattributed","","y","correct",""
"graph","UKT-P1","2","Dosen Wali;Ketua Program Studi","Mahasiswa","dosen wali,doswal,pembimbing akademik | ketua program studi,kaprodi,ketua prodi","Tindakan: Meminta tanda tangan dosen wali serta persetujuan dan tanda tangan Ketua Program Studi.","True","correct","Dosen Wali;Ketua Program Studi","y","correct",""
"graph","UKT-P1","5","Wakil Dekan Sumber Daya","","memproses,diproses,proses* | wakil dekan sumber daya,wakil dekan ii,wakil dekan 2,wadek*","","False","not_detected","","y","correct",""
"graph","UKT-P1","7","Subbag Sumber Daya","","subbag sumber daya,subbagian sumber daya,bagian sumber daya","Pelaku: Subbag Sumber Daya","True","correct","Subbag Sumber Daya","y","correct",""
"graph","UKT-P1","9","Wakil Rektor II","Direktorat Keuangan","disposisi*,mendisposisikan,didisposisikan | direktorat keuangan","Tindakan: Mendisposisikan ke Direktorat Keuangan untuk memproses pembayaran UKT.","True","unattributed","Direktorat Keuangan","y","correct",""
"naive","UKT-P1","2","Dosen Wali;Ketua Program Studi","Mahasiswa","dosen wali,doswal,pembimbing akademik | ketua program studi,kaprodi,ketua prodi","Permintaan Persetujuan: Mahasiswa meminta tanda tangan dosen wali serta persetujuan dan tanda tangan Ketua Program Studi.","True","correct","Dosen Wali;Ketua Program Studi;Mahasiswa","y","correct",""
"workflow","UKT-P1","2","Dosen Wali;Ketua Program Studi","Mahasiswa","dosen wali,doswal,pembimbing akademik | ketua program studi,kaprodi,ketua prodi","Mahasiswa: Meminta tanda tangan dosen wali serta persetujuan dan tanda tangan Ketua Program Studi.","True","correct","Dosen Wali;Ketua Program Studi;Mahasiswa","y","correct",""
"workflow","UKT-P1","6","Wakil Dekan Sumber Daya","","menandatangani,tanda tangan,tandatangan,ditandatangani,ttd | wakil dekan sumber daya,wakil dekan ii,wakil dekan 2,wadek*","Wakil Dekan Sumber Daya: Menandatangani Surat Permohonan Izin Keterlambatan Pembayaran UKT.","True","correct","Wakil Dekan Sumber Daya","y","correct",""
"workflow","UKT-P1","8","Mahasiswa","Wakil Rektor II;Manajer Akademik","manajer akademik | wakil rektor,warek,wr ii,wr 2","Mahasiswa: Membawa Surat Permohonan Keterlambatan Pembayaran UKT kepada Wakil Rektor II melalui Manajer Akademik.","True","correct","Mahasiswa;Manajer Akademik;Wakil Rektor II","y","correct",""
"graph","UKT-P2","6","Wakil Dekan Sumber Daya","","menandatangani,tanda tangan,tandatangan,ditandatangani,ttd | wakil dekan sumber daya,wakil dekan ii,wakil dekan 2,wadek*","","False","not_detected","","y","correct",""
"graph","UKT-P2","7","Subbag Sumber Daya","","subbag sumber daya,subbagian sumber daya,bagian sumber daya","","False","not_detected","","y","correct",""
"naive","UKT-P2","4","Supervisor Sumber Daya","","memeriksa,diperiksa,meneliti,diteliti,kelengkapan,verifikasi* | paraf*,diparaf","","False","not_detected","","y","correct",""
"naive","UKT-P2","5","Wakil Dekan Sumber Daya","","memproses,diproses,proses* | wakil dekan sumber daya,wakil dekan ii,wakil dekan 2,wadek*","","False","not_detected","","y","correct",""
"naive","UKT-P2","9","Wakil Rektor II","Direktorat Keuangan","disposisi*,mendisposisikan,didisposisikan | direktorat keuangan","","False","not_detected","","y","correct",""
"naive","UKT-P2","10","Bendahara Penerimaan","","bendahara* | sistem pembayaran,membuka sistem,dibuka","","False","not_detected","","y","correct",""
"naive","UKT-P2","11","Mahasiswa","","bayar*,membayar,dibayar | bank","","False","not_detected","","y","correct",""
"workflow","UKT-P2","5","Wakil Dekan Sumber Daya","","memproses,diproses,proses* | wakil dekan sumber daya,wakil dekan ii,wakil dekan 2,wadek*","Wakil Dekan Sumber Daya memproses Surat Permohonan Izin Keterlambatan Pembayaran UKT.","True","correct","Wakil Dekan Sumber Daya","y","correct",""
"workflow","UKT-P2","9","Wakil Rektor II","Direktorat Keuangan","disposisi*,mendisposisikan,didisposisikan | direktorat keuangan","Wakil Rektor II mendisposisikan ke Direktorat Keuangan untuk memproses pembayaran UKT.","True","correct","Direktorat Keuangan;Wakil Rektor II","y","correct",""
