system,category,key_fact_recall,rougeL,faithfulness,answer_relevancy,step_coverage,tir,amr,refusal_correct
agentic,actor,0.8571428571428571,0.2755733300138753,0.6499999999999999,0.619178846313842,,,,
agentic,cross_sop,0.611111111111111,0.31226405468829715,0.6547619047619048,0.7171607148936223,,,,
agentic,documents,0.619047619047619,0.3275309157042536,0.9,0.5393118594813562,,,,
agentic,procedural,0.7272727272727273,0.3968376828951889,0.9138221153846153,0.44513602923447027,0.7024793388429752,0.0,0.0,
agentic,time_location,0.6785714285714286,0.3111897667134396,0.6766666666666666,0.5936136006679622,,,,
agentic,unanswerable,,0.2686732874968169,0.5,0.3145983307645797,,,,0.6
crag,actor,0.5476190476190476,0.2266754208247491,0.75,0.5966221625848735,,,,
crag,cross_sop,0.3333333333333333,0.3132886736226576,0.75,0.5936720087455526,,,,
crag,documents,0.619047619047619,0.3460191653137846,1.0,0.5393118594813562,,,,
crag,procedural,0.6136363636363636,0.34684625101916083,1.0,0.6246512435363331,0.6363636363636364,0.0,0.0,
crag,time_location,0.5714285714285714,0.2799181101109901,0.6458333333333334,0.7675351201127885,,,,
crag,unanswerable,,0.33244279529993814,,0.5999999999998359,,,,1.0
full_context,actor,1.0,0.35479832708959264,0.6285714285714287,0.6925973273555658,,,,
full_context,cross_sop,0.7777777777777778,0.3209871411151757,0.7936507936507936,0.6603047751003697,,,,
full_context,documents,0.9047619047619048,0.4284020500735394,0.7142857142857143,0.7528028330794034,,,,
full_context,procedural,1.0,0.4714725877962742,0.9655991735537189,0.5543394603773592,0.9435261707988981,0.02727272727272727,0.0,
full_context,time_location,1.0,0.363260782561139,0.723992673992674,0.8489555572974412,,,,
full_context,unanswerable,,0.27339137762497046,0.4,0.15818558073058622,,,,1.0
graph,actor,0.7857142857142857,0.2653041454960869,0.5944444444444444,0.556370271484783,,,,
graph,cross_sop,0.611111111111111,0.21625514403292181,0.5862433862433862,0.725730675335213,,,,
graph,documents,0.619047619047619,0.32560049214913633,0.7,0.5295631959176074,,,,
graph,procedural,0.7272727272727273,0.3643704301199021,0.9678030303030303,0.4561314397027986,0.6873278236914601,0.08333333333333333,0.0,
graph,time_location,0.6785714285714286,0.279540358410193,0.7,0.5714074764581879,,,,
graph,unanswerable,,0.2706060606060606,0.5,0.3145983307645797,,,,0.6
hybrid,actor,0.7857142857142857,0.2961085847002448,0.6273809523809524,0.6378310996980828,,,,
hybrid,cross_sop,0.4444444444444444,0.2677486475239284,0.47222222222222215,0.6729453598449786,,,,
hybrid,documents,0.619047619047619,0.314729262084365,1.0,0.5380803946653195,,,,
hybrid,procedural,0.7272727272727273,0.3587839864890034,0.9434523809523809,0.4389449279794917,0.7121212121212122,0.0,0.0,
hybrid,time_location,0.6785714285714286,0.31636294869507264,0.6333333333333333,0.627277114422165,,,,
hybrid,unanswerable,,0.2686124205779873,0.7222222222222222,0.34992266014302975,,,,0.6
llm_only,actor,0.2619047619047619,0.09423689058148742,,0.16863502052005064,,,,
llm_only,cross_sop,0.08333333333333333,0.1014023003403184,,0.7944236709076248,,,,
llm_only,documents,0.16666666666666666,0.06957412778246323,,0.5410473310802568,,,,
llm_only,procedural,0.06363636363636363,0.08185669400109295,,0.4486906569251266,0.10454545454545454,0.3333333333333333,0.4444444444444444,
llm_only,time_location,0.0,0.06885364545361831,,0.0,,,,
llm_only,unanswerable,,0.07258176262981707,,0.12152552815996387,,,,0.0
multimodal,actor,0.8571428571428571,0.2884820423838529,0.6166666666666666,0.6624887829023084,,,,
multimodal,cross_sop,0.611111111111111,0.2655670982395804,0.5833333333333334,0.7427894567427086,,,,
multimodal,documents,0.619047619047619,0.32686377935518074,0.4166666666666667,0.4804585988521793,,,,
multimodal,procedural,0.7272727272727273,0.396160244284995,0.8796875,0.41423353578432776,0.7024793388429752,0.0,0.0,
multimodal,time_location,0.630952380952381,0.2901480322972342,0.6266666666666667,0.5626068647635484,,,,
multimodal,unanswerable,,0.2692207792207792,0.6666666666666666,0.39606303187015923,,,,0.6
naive,actor,0.8571428571428571,0.3288034193274721,0.6766666666666666,0.6133158354679918,,,,
naive,cross_sop,0.611111111111111,0.31226405468829715,0.6547619047619048,0.7171607148936223,,,,
naive,documents,0.619047619047619,0.33721374706515045,0.7833333333333333,0.539452821929708,,,,
naive,procedural,0.7272727272727273,0.39700835944571744,0.9591346153846154,0.43413750920290023,0.7272727272727273,0.0,0.0,
naive,time_location,0.6785714285714286,0.3111897667134396,0.5766666666666667,0.5936136006679622,,,,
naive,unanswerable,,0.27473389355742295,0.5,0.3602052243802687,,,,0.6
workflow,actor,0.9523809523809524,0.31335935411970567,0.8166666666666667,0.7242467734099884,,,,
workflow,cross_sop,0.8888888888888888,0.29418603446847297,0.43863636363636366,0.7159898483932468,,,,
workflow,documents,0.9047619047619048,0.4363689008650629,0.8047619047619048,0.7866354913988826,,,,
workflow,procedural,1.0,0.46001669802827205,0.932209798519959,0.5116524089094739,1.0,0.0,0.0,
workflow,time_location,0.9642857142857143,0.39455887889327457,0.75,0.8024814034395752,,,,
workflow,unanswerable,,0.2490488006617039,0.6666666666666666,0.15818558073058622,,,,1.0
