system,category,key_fact_recall,rougeL,step_coverage,tir,amr,refusal_correct
graph,actor,0.9285714285714286,0.3462373867651243,,,,
graph,cross_sop,0.5555555555555555,0.22736625514403294,,,,
graph,documents,0.9047619047619048,0.4494172404276601,,,,
graph,procedural,0.9090909090909091,0.4101437400201263,0.8646694214876033,0.06666666666666667,0.0,
graph,time_location,1.0,0.40824398545845714,,,,
graph,unanswerable,,0.21777273605366912,,,,1.0
naive,actor,0.9523809523809524,0.36915951350881254,,,,
naive,cross_sop,0.7777777777777778,0.2763829402183749,,,,
naive,documents,0.9047619047619048,0.4546812889944679,,,,
naive,procedural,0.8863636363636364,0.4608613991426856,0.8977272727272727,0.06666666666666667,0.0,
naive,time_location,0.9642857142857143,0.3958564280465348,,,,
naive,unanswerable,,0.2337486718825461,,,,1.0
workflow,actor,0.9523809523809524,0.36587275642522454,,,,
workflow,cross_sop,0.8888888888888888,0.28238501776549546,,,,
workflow,documents,0.9047619047619048,0.44148332927333517,,,,
workflow,procedural,1.0,0.4641932500845414,1.0,0.0032467532467532465,0.0,
workflow,time_location,0.9642857142857143,0.3490038236840541,,,,
workflow,unanswerable,,0.22499856163222498,,,,1.0
