metric,system,reference,n_pairs,mean_diff,median_diff,p_wilcoxon,p_holm
key_fact_recall,agentic,naive,3,0.19999999999999998,0.0,,
key_fact_recall,crag,naive,3,-0.3333333333333333,0.0,,
key_fact_recall,htree,naive,3,0.06666666666666667,0.0,,
key_fact_recall,htree_v0,naive,3,0.06666666666666667,0.0,,
key_fact_recall,workflow,naive,3,0.3,0.4,,
rougeL,agentic,naive,3,0.08940380886082244,0.0,,
rougeL,crag,naive,3,-0.06471678727776288,0.0,,
rougeL,htree,naive,3,-0.0013642609298985253,0.0,,
rougeL,htree_v0,naive,3,-0.0013642609298985253,0.0,,
rougeL,workflow,naive,3,0.07255979030438743,0.17137643090195215,,
step_coverage,agentic,naive,2,0.125,0.125,,
step_coverage,crag,naive,2,0.0,0.0,,
step_coverage,htree,naive,2,-0.0625,-0.0625,,
step_coverage,htree_v0,naive,2,-0.0625,-0.0625,,
step_coverage,workflow,naive,2,0.1875,0.1875,,
tir,agentic,naive,0,,,,
tir,crag,naive,0,,,,
tir,htree,naive,0,,,,
tir,htree_v0,naive,0,,,,
tir,workflow,naive,0,,,,
amr,agentic,naive,1,0.0,0.0,,
amr,crag,naive,1,0.0,0.0,,
amr,htree,naive,0,,,,
amr,htree_v0,naive,0,,,,
amr,workflow,naive,1,0.0,0.0,,
